-- phpMyAdmin SQL Dump
-- version 4.9.0.1
-- https://www.phpmyadmin.net/
--
-- Host: 127.0.0.1
-- Generation Time: Feb 17, 2020 at 08:52 AM
-- Server version: 10.3.16-MariaDB
-- PHP Version: 7.3.7

SET SQL_MODE = "NO_AUTO_VALUE_ON_ZERO";
SET AUTOCOMMIT = 0;
START TRANSACTION;
SET time_zone = "+00:00";


/*!40101 SET @OLD_CHARACTER_SET_CLIENT=@@CHARACTER_SET_CLIENT */;
/*!40101 SET @OLD_CHARACTER_SET_RESULTS=@@CHARACTER_SET_RESULTS */;
/*!40101 SET @OLD_COLLATION_CONNECTION=@@COLLATION_CONNECTION */;
/*!40101 SET NAMES utf8mb4 */;

--
-- Database: `db_absensi`
--

-- --------------------------------------------------------

--
-- Table structure for table `tbl_absen`
--

CREATE TABLE `tbl_absen` (
  `id_absen` int(10) UNSIGNED NOT NULL,
  `id_acara` varchar(10) NOT NULL,
  `id_siswa` varchar(10) NOT NULL,
  `waktu_absensi` datetime NOT NULL DEFAULT current_timestamp()
) ENGINE=InnoDB DEFAULT CHARSET=latin1;

--
-- Dumping data for table `tbl_absen`
--

INSERT INTO `tbl_absen` (`id_absen`, `id_acara`, `id_siswa`, `waktu_absensi`) VALUES
(1, '1', '20181', '2020-02-17 14:22:43'),
(2, '1', '20182', '2020-02-17 14:22:43'),
(3, '1', '20183', '2020-02-17 14:22:43'),
(4, '1', '20184', '2020-02-17 14:22:43'),
(5, '1', '20185', '2020-02-17 14:22:43'),
(6, '1', '20186', '2020-02-17 14:22:43'),
(7, '1', '20187', '2020-02-17 14:22:43'),
(8, '1', '20188', '2020-02-17 14:22:43'),
(9, '1', '20189', '2020-02-17 14:22:43'),
(10, '1', '201810', '2020-02-17 14:22:43'),
(11, '1', '201811', '2020-02-17 14:22:43'),
(12, '1', '201812', '2020-02-17 14:22:43'),
(13, '1', '201813', '2020-02-17 14:22:43'),
(14, '1', '201814', '2020-02-17 14:22:43'),
(15, '1', '201815', '2020-02-17 14:22:43'),
(16, '1', '201816', '2020-02-17 14:22:43'),
(17, '1', '201817', '2020-02-17 14:22:43'),
(18, '1', '201818', '2020-02-17 14:22:43'),
(19, '1', '201819', '2020-02-17 14:22:43'),
(20, '1', '201820', '2020-02-17 14:22:43'),
(21, '1', '201821', '2020-02-17 14:22:43'),
(22, '1', '201822', '2020-02-17 14:22:43'),
(23, '1', '201823', '2020-02-17 14:22:43'),
(24, '1', '201824', '2020-02-17 14:22:43'),
(25, '1', '201825', '2020-02-17 14:22:43'),
(26, '1', '201826', '2020-02-17 14:22:43'),
(27, '1', '201827', '2020-02-17 14:22:43'),
(28, '1', '201828', '2020-02-17 14:22:43'),
(29, '1', '201829', '2020-02-17 14:22:43'),
(30, '1', '201830', '2020-02-17 14:22:43'),
(31, '1', '201831', '2020-02-17 14:22:43'),
(32, '1', '201832', '2020-02-17 14:22:43'),
(33, '1', '201833', '2020-02-17 14:22:43'),
(34, '1', '201834', '2020-02-17 14:22:43'),
(35, '1', '201835', '2020-02-17 14:22:43'),
(36, '1', '201836', '2020-02-17 14:22:43'),
(37, '1', '201837', '2020-02-17 14:22:43'),
(38, '1', '201838', '2020-02-17 14:22:43'),
(39, '1', '201839', '2020-02-17 14:22:43'),
(40, '1', '201840', '2020-02-17 14:22:43'),
(41, '1', '201841', '2020-02-17 14:22:43'),
(42, '1', '201842', '2020-02-17 14:22:43'),
(43, '1', '201843', '2020-02-17 14:22:43'),
(44, '1', '201844', '2020-02-17 14:22:43'),
(45, '1', '201845', '2020-02-17 14:22:43'),
(46, '1', '201846', '2020-02-17 14:22:43'),
(47, '1', '201847', '2020-02-17 14:22:43'),
(48, '1', '201848', '2020-02-17 14:22:43'),
(49, '1', '201849', '2020-02-17 14:22:43'),
(50, '1', '201850', '2020-02-17 14:22:43'),
(51, '1', '201851', '2020-02-17 14:30:17'),
(52, '1', '201852', '2020-02-17 14:30:17'),
(53, '1', '201853', '2020-02-17 14:30:17'),
(54, '1', '201854', '2020-02-17 14:30:17'),
(55, '1', '201855', '2020-02-17 14:30:17'),
(56, '1', '201856', '2020-02-17 14:30:17'),
(57, '1', '201857', '2020-02-17 14:30:17'),
(58, '1', '201858', '2020-02-17 14:30:17'),
(59, '1', '201859', '2020-02-17 14:30:17'),
(60, '1', '201860', '2020-02-17 14:30:17'),
(61, '1', '201861', '2020-02-17 14:30:17'),
(62, '1', '201862', '2020-02-17 14:30:17'),
(63, '1', '201863', '2020-02-17 14:30:17'),
(64, '1', '201864', '2020-02-17 14:30:17'),
(65, '1', '201865', '2020-02-17 14:30:17'),
(66, '1', '201866', '2020-02-17 14:30:17'),
(67, '1', '201867', '2020-02-17 14:30:17'),
(68, '1', '201868', '2020-02-17 14:30:17'),
(69, '1', '201869', '2020-02-17 14:30:17'),
(70, '1', '201870', '2020-02-17 14:30:17'),
(71, '1', '201871', '2020-02-17 14:30:17'),
(72, '1', '201872', '2020-02-17 14:30:17'),
(73, '1', '201873', '2020-02-17 14:30:17'),
(74, '1', '201874', '2020-02-17 14:30:17'),
(75, '1', '201875', '2020-02-17 14:30:17'),
(76, '1', '201876', '2020-02-17 14:30:17'),
(77, '1', '201877', '2020-02-17 14:30:17'),
(78, '1', '201878', '2020-02-17 14:30:17'),
(79, '1', '201879', '2020-02-17 14:30:17'),
(80, '1', '201880', '2020-02-17 14:30:17'),
(81, '1', '201881', '2020-02-17 14:30:17'),
(82, '1', '201882', '2020-02-17 14:30:17'),
(83, '1', '201883', '2020-02-17 14:30:17'),
(84, '1', '201884', '2020-02-17 14:30:17'),
(85, '1', '201885', '2020-02-17 14:30:17'),
(86, '1', '201886', '2020-02-17 14:30:17'),
(87, '1', '201887', '2020-02-17 14:30:17'),
(88, '1', '201888', '2020-02-17 14:30:17'),
(89, '1', '201889', '2020-02-17 14:30:17'),
(90, '1', '201890', '2020-02-17 14:30:17'),
(91, '1', '201891', '2020-02-17 14:30:17'),
(92, '1', '201892', '2020-02-17 14:30:17'),
(93, '1', '201893', '2020-02-17 14:30:17'),
(94, '1', '201894', '2020-02-17 14:30:17'),
(95, '1', '201895', '2020-02-17 14:30:17'),
(96, '1', '201896', '2020-02-17 14:30:17'),
(97, '1', '201897', '2020-02-17 14:30:17'),
(98, '1', '201898', '2020-02-17 14:30:17'),
(99, '1', '201899', '2020-02-17 14:30:17'),
(100, '1', '2018100', '2020-02-17 14:30:17'),
(101, '1', '2018101', '2020-02-17 14:30:17'),
(102, '1', '2018102', '2020-02-17 14:30:17'),
(103, '1', '2018103', '2020-02-17 14:30:17'),
(104, '1', '2018104', '2020-02-17 14:30:17'),
(105, '1', '2018105', '2020-02-17 14:30:17'),
(106, '1', '2018106', '2020-02-17 14:30:17'),
(107, '1', '2018107', '2020-02-17 14:30:17'),
(108, '1', '2018108', '2020-02-17 14:30:17'),
(109, '1', '2018109', '2020-02-17 14:30:17'),
(110, '1', '2018110', '2020-02-17 14:30:17'),
(111, '1', '2018111', '2020-02-17 14:30:17'),
(112, '1', '2018112', '2020-02-17 14:30:17'),
(113, '1', '2018113', '2020-02-17 14:30:17'),
(114, '1', '2018114', '2020-02-17 14:30:17'),
(115, '1', '2018115', '2020-02-17 14:30:17'),
(116, '1', '2018116', '2020-02-17 14:30:17'),
(117, '1', '2018117', '2020-02-17 14:30:17'),
(118, '1', '2018118', '2020-02-17 14:30:17'),
(119, '1', '2018119', '2020-02-17 14:30:17'),
(120, '1', '2018120', '2020-02-17 14:30:17'),
(121, '1', '2018121', '2020-02-17 14:30:17'),
(122, '1', '2018122', '2020-02-17 14:30:17'),
(123, '1', '2018123', '2020-02-17 14:30:17'),
(124, '1', '2018124', '2020-02-17 14:30:17'),
(125, '1', '2018125', '2020-02-17 14:30:17'),
(126, '1', '2018126', '2020-02-17 14:30:17'),
(127, '1', '2018127', '2020-02-17 14:30:17'),
(128, '1', '2018128', '2020-02-17 14:30:17'),
(129, '1', '2018129', '2020-02-17 14:30:17'),
(130, '1', '2018130', '2020-02-17 14:30:17'),
(131, '1', '2018131', '2020-02-17 14:30:17'),
(132, '1', '2018132', '2020-02-17 14:30:17'),
(133, '1', '2018133', '2020-02-17 14:30:17'),
(134, '1', '2018134', '2020-02-17 14:30:17'),
(135, '1', '2018135', '2020-02-17 14:30:17'),
(136, '1', '2018136', '2020-02-17 14:30:17'),
(137, '1', '2018137', '2020-02-17 14:30:17'),
(138, '1', '2018138', '2020-02-17 14:30:17'),
(139, '1', '2018139', '2020-02-17 14:30:17'),
(140, '1', '2018140', '2020-02-17 14:30:17'),
(141, '1', '2018141', '2020-02-17 14:30:17'),
(142, '1', '2018142', '2020-02-17 14:30:17'),
(143, '1', '2018143', '2020-02-17 14:30:17'),
(144, '1', '2018144', '2020-02-17 14:30:17'),
(145, '1', '2018145', '2020-02-17 14:30:17'),
(146, '1', '2018146', '2020-02-17 14:30:17'),
(147, '1', '2018147', '2020-02-17 14:30:17'),
(148, '1', '2018148', '2020-02-17 14:30:17'),
(149, '1', '2018149', '2020-02-17 14:30:17'),
(150, '1', '2018150', '2020-02-17 14:30:17'),
(151, '1', '2018151', '2020-02-17 14:30:17'),
(152, '1', '2018152', '2020-02-17 14:30:17'),
(153, '1', '2018153', '2020-02-17 14:30:17'),
(154, '1', '2018154', '2020-02-17 14:30:17'),
(155, '1', '2018155', '2020-02-17 14:30:17'),
(156, '1', '2018156', '2020-02-17 14:30:17'),
(157, '1', '2018157', '2020-02-17 14:30:17'),
(158, '1', '2018158', '2020-02-17 14:30:17'),
(159, '1', '2018159', '2020-02-17 14:30:17'),
(160, '1', '2018160', '2020-02-17 14:30:17'),
(161, '1', '2018161', '2020-02-17 14:30:17'),
(162, '1', '2018162', '2020-02-17 14:30:17'),
(163, '1', '2018163', '2020-02-17 14:30:17'),
(164, '1', '2018164', '2020-02-17 14:30:17'),
(165, '1', '2018165', '2020-02-17 14:30:17'),
(166, '1', '2018166', '2020-02-17 14:30:17'),
(167, '1', '2018167', '2020-02-17 14:30:17'),
(168, '1', '2018168', '2020-02-17 14:30:17'),
(169, '1', '2018169', '2020-02-17 14:30:17'),
(170, '1', '2018170', '2020-02-17 14:30:17'),
(171, '1', '2018171', '2020-02-17 14:30:17'),
(172, '1', '2018172', '2020-02-17 14:30:17'),
(173, '1', '2018173', '2020-02-17 14:30:17'),
(174, '1', '2018174', '2020-02-17 14:30:17'),
(175, '1', '2018175', '2020-02-17 14:30:17'),
(176, '1', '2018176', '2020-02-17 14:30:17'),
(177, '1', '2018177', '2020-02-17 14:30:17'),
(178, '1', '2018178', '2020-02-17 14:30:17'),
(179, '1', '2018179', '2020-02-17 14:30:17'),
(180, '1', '2018180', '2020-02-17 14:30:17'),
(181, '1', '2018181', '2020-02-17 14:30:17'),
(182, '1', '2018182', '2020-02-17 14:30:17'),
(183, '1', '2018183', '2020-02-17 14:30:17'),
(184, '1', '2018184', '2020-02-17 14:30:17'),
(185, '1', '2018185', '2020-02-17 14:30:17'),
(186, '1', '2018186', '2020-02-17 14:30:17'),
(187, '1', '2018187', '2020-02-17 14:30:17'),
(188, '1', '2018188', '2020-02-17 14:30:17'),
(189, '1', '2018189', '2020-02-17 14:30:17'),
(190, '1', '2018190', '2020-02-17 14:30:17'),
(191, '1', '2018191', '2020-02-17 14:30:17'),
(192, '1', '2018192', '2020-02-17 14:30:17'),
(193, '1', '2018193', '2020-02-17 14:30:17'),
(194, '1', '2018194', '2020-02-17 14:30:17'),
(195, '1', '2018195', '2020-02-17 14:30:17'),
(196, '1', '2018196', '2020-02-17 14:30:17'),
(197, '1', '2018197', '2020-02-17 14:30:17'),
(198, '1', '2018198', '2020-02-17 14:30:17'),
(199, '1', '2018199', '2020-02-17 14:30:17'),
(200, '1', '2018200', '2020-02-17 14:30:17'),
(201, '1', '2018201', '2020-02-17 14:30:17'),
(202, '1', '2018202', '2020-02-17 14:30:17'),
(203, '1', '2018203', '2020-02-17 14:30:17'),
(204, '1', '2018204', '2020-02-17 14:30:17'),
(205, '1', '2018205', '2020-02-17 14:30:17'),
(206, '1', '2018206', '2020-02-17 14:30:17'),
(207, '1', '2018207', '2020-02-17 14:30:17'),
(208, '1', '2018208', '2020-02-17 14:30:17'),
(209, '1', '2018209', '2020-02-17 14:30:17'),
(210, '1', '2018210', '2020-02-17 14:30:17'),
(211, '1', '2018211', '2020-02-17 14:30:18'),
(212, '1', '2018212', '2020-02-17 14:30:18'),
(213, '1', '2018213', '2020-02-17 14:30:18'),
(214, '1', '2018214', '2020-02-17 14:30:18'),
(215, '1', '2018215', '2020-02-17 14:30:18'),
(216, '1', '2018216', '2020-02-17 14:30:18'),
(217, '1', '2018217', '2020-02-17 14:30:18'),
(218, '1', '2018218', '2020-02-17 14:30:18'),
(219, '1', '2018219', '2020-02-17 14:30:18'),
(220, '1', '2018220', '2020-02-17 14:30:18'),
(221, '1', '2018221', '2020-02-17 14:30:18'),
(222, '1', '2018222', '2020-02-17 14:30:18'),
(223, '1', '2018223', '2020-02-17 14:30:18'),
(224, '1', '2018224', '2020-02-17 14:30:18'),
(225, '1', '2018225', '2020-02-17 14:30:18'),
(226, '1', '2018226', '2020-02-17 14:30:18'),
(227, '1', '2018227', '2020-02-17 14:30:18'),
(228, '1', '2018228', '2020-02-17 14:30:18'),
(229, '1', '2018229', '2020-02-17 14:30:18'),
(230, '1', '2018230', '2020-02-17 14:30:18'),
(231, '1', '2018231', '2020-02-17 14:30:18'),
(232, '1', '2018232', '2020-02-17 14:30:18'),
(233, '1', '2018233', '2020-02-17 14:30:18'),
(234, '1', '2018234', '2020-02-17 14:30:18'),
(235, '1', '2018235', '2020-02-17 14:30:18'),
(236, '1', '2018236', '2020-02-17 14:30:18'),
(237, '1', '2018237', '2020-02-17 14:30:18'),
(238, '1', '2018238', '2020-02-17 14:30:18'),
(239, '1', '2018239', '2020-02-17 14:30:18'),
(240, '1', '2018240', '2020-02-17 14:30:18'),
(241, '1', '2018241', '2020-02-17 14:30:18'),
(242, '1', '2018242', '2020-02-17 14:30:18'),
(243, '1', '2018243', '2020-02-17 14:30:18'),
(244, '1', '2018244', '2020-02-17 14:30:18'),
(245, '1', '2018245', '2020-02-17 14:30:18'),
(246, '1', '2018246', '2020-02-17 14:30:18'),
(247, '1', '2018247', '2020-02-17 14:30:18'),
(248, '1', '2018248', '2020-02-17 14:30:18'),
(249, '1', '2018249', '2020-02-17 14:30:18'),
(250, '1', '2018250', '2020-02-17 14:30:18'),
(251, '1', '2018251', '2020-02-17 14:30:18'),
(252, '1', '2018252', '2020-02-17 14:30:18'),
(253, '1', '2018253', '2020-02-17 14:30:18'),
(254, '1', '2018254', '2020-02-17 14:30:18'),
(255, '1', '2018255', '2020-02-17 14:30:18'),
(256, '1', '2018256', '2020-02-17 14:30:18'),
(257, '1', '2018257', '2020-02-17 14:30:18'),
(258, '1', '2018258', '2020-02-17 14:30:18'),
(259, '1', '2018259', '2020-02-17 14:30:18'),
(260, '1', '2018260', '2020-02-17 14:30:18'),
(261, '1', '2018261', '2020-02-17 14:30:18'),
(262, '1', '2018262', '2020-02-17 14:30:18'),
(263, '1', '2018263', '2020-02-17 14:30:18'),
(264, '1', '2018264', '2020-02-17 14:30:18'),
(265, '1', '2018265', '2020-02-17 14:30:18'),
(266, '1', '2018266', '2020-02-17 14:30:18'),
(267, '1', '2018267', '2020-02-17 14:30:18'),
(268, '1', '2018268', '2020-02-17 14:30:18'),
(269, '1', '2018269', '2020-02-17 14:30:18'),
(270, '1', '2018270', '2020-02-17 14:30:18'),
(271, '1', '2018271', '2020-02-17 14:30:18'),
(272, '1', '2018272', '2020-02-17 14:30:18'),
(273, '1', '2018273', '2020-02-17 14:30:18'),
(274, '1', '2018274', '2020-02-17 14:30:18'),
(275, '1', '2018275', '2020-02-17 14:30:18'),
(276, '1', '2018276', '2020-02-17 14:30:18'),
(277, '1', '2018277', '2020-02-17 14:30:18'),
(278, '1', '2018278', '2020-02-17 14:30:18'),
(279, '1', '2018279', '2020-02-17 14:30:18'),
(280, '1', '2018280', '2020-02-17 14:30:18'),
(281, '1', '2018281', '2020-02-17 14:30:18'),
(282, '1', '2018282', '2020-02-17 14:30:18'),
(283, '1', '2018283', '2020-02-17 14:30:18'),
(284, '1', '2018284', '2020-02-17 14:30:18'),
(285, '1', '2018285', '2020-02-17 14:30:18'),
(286, '1', '2018286', '2020-02-17 14:30:18'),
(287, '1', '2018287', '2020-02-17 14:30:18'),
(288, '1', '2018288', '2020-02-17 14:30:18'),
(289, '1', '2018289', '2020-02-17 14:30:18'),
(290, '1', '2018290', '2020-02-17 14:30:18'),
(291, '1', '2018291', '2020-02-17 14:30:18'),
(292, '1', '2018292', '2020-02-17 14:30:18'),
(293, '1', '2018293', '2020-02-17 14:30:18'),
(294, '1', '2018294', '2020-02-17 14:30:18'),
(295, '1', '2018295', '2020-02-17 14:30:18'),
(296, '1', '2018296', '2020-02-17 14:30:18'),
(297, '1', '2018297', '2020-02-17 14:30:18'),
(298, '1', '2018298', '2020-02-17 14:30:18'),
(299, '1', '2018299', '2020-02-17 14:30:18'),
(300, '1', '2018300', '2020-02-17 14:30:18'),
(301, '1', '2018301', '2020-02-17 14:30:18'),
(302, '1', '2018302', '2020-02-17 14:30:18'),
(303, '1', '2018303', '2020-02-17 14:30:18'),
(304, '1', '2018304', '2020-02-17 14:30:18'),
(305, '1', '2018305', '2020-02-17 14:30:18'),
(306, '1', '2018306', '2020-02-17 14:30:18'),
(307, '1', '2018307', '2020-02-17 14:30:18'),
(308, '1', '2018308', '2020-02-17 14:30:18'),
(309, '1', '2018309', '2020-02-17 14:30:18'),
(310, '1', '2018310', '2020-02-17 14:30:18'),
(311, '1', '2018311', '2020-02-17 14:30:18'),
(312, '1', '2018312', '2020-02-17 14:30:18'),
(313, '1', '2018313', '2020-02-17 14:30:18'),
(314, '1', '2018314', '2020-02-17 14:30:18'),
(315, '1', '2018315', '2020-02-17 14:30:18'),
(316, '1', '2018316', '2020-02-17 14:30:18'),
(317, '1', '2018317', '2020-02-17 14:30:18'),
(318, '1', '2018318', '2020-02-17 14:30:18'),
(319, '1', '2018319', '2020-02-17 14:30:18'),
(320, '1', '2018320', '2020-02-17 14:30:18'),
(321, '1', '2018321', '2020-02-17 14:30:18'),
(322, '1', '2018322', '2020-02-17 14:30:18'),
(323, '1', '2018323', '2020-02-17 14:30:18'),
(324, '1', '2018324', '2020-02-17 14:30:18'),
(325, '1', '2018325', '2020-02-17 14:30:18'),
(326, '1', '2018326', '2020-02-17 14:30:18'),
(327, '1', '2018327', '2020-02-17 14:30:18'),
(328, '1', '2018328', '2020-02-17 14:30:18'),
(329, '1', '2018329', '2020-02-17 14:30:18'),
(330, '1', '2018330', '2020-02-17 14:30:18'),
(331, '1', '2018331', '2020-02-17 14:30:18'),
(332, '1', '2018332', '2020-02-17 14:30:18'),
(333, '1', '2018333', '2020-02-17 14:30:18'),
(334, '1', '2018334', '2020-02-17 14:30:18'),
(335, '1', '2018335', '2020-02-17 14:30:18'),
(336, '1', '2018336', '2020-02-17 14:30:18'),
(337, '1', '2018337', '2020-02-17 14:30:18'),
(338, '1', '2018338', '2020-02-17 14:30:18'),
(339, '1', '2018339', '2020-02-17 14:30:18'),
(340, '1', '2018340', '2020-02-17 14:30:18'),
(341, '1', '2018341', '2020-02-17 14:30:18'),
(342, '1', '2018342', '2020-02-17 14:30:18'),
(343, '1', '2018343', '2020-02-17 14:30:18'),
(344, '1', '2018344', '2020-02-17 14:30:18'),
(345, '1', '2018345', '2020-02-17 14:30:18'),
(346, '1', '2018346', '2020-02-17 14:30:18'),
(347, '1', '2018347', '2020-02-17 14:30:18'),
(348, '1', '2018348', '2020-02-17 14:30:18'),
(349, '1', '2018349', '2020-02-17 14:30:18'),
(350, '1', '2018350', '2020-02-17 14:30:18'),
(351, '1', '2018351', '2020-02-17 14:30:18'),
(352, '1', '2018352', '2020-02-17 14:30:18'),
(353, '1', '2018353', '2020-02-17 14:30:18'),
(354, '1', '2018354', '2020-02-17 14:30:18'),
(355, '1', '2018355', '2020-02-17 14:30:18'),
(356, '1', '2018356', '2020-02-17 14:30:18'),
(357, '1', '2018357', '2020-02-17 14:30:18'),
(358, '1', '2018358', '2020-02-17 14:30:18'),
(359, '1', '2018359', '2020-02-17 14:30:18'),
(360, '1', '2018360', '2020-02-17 14:30:18'),
(361, '1', '2018361', '2020-02-17 14:30:18'),
(362, '1', '2018362', '2020-02-17 14:30:18'),
(363, '1', '2018363', '2020-02-17 14:30:18'),
(364, '1', '2018364', '2020-02-17 14:30:18'),
(365, '1', '2018365', '2020-02-17 14:30:18'),
(366, '1', '2018366', '2020-02-17 14:30:18'),
(367, '1', '2018367', '2020-02-17 14:30:18'),
(368, '1', '2018368', '2020-02-17 14:30:18'),
(369, '1', '2018369', '2020-02-17 14:30:18'),
(370, '1', '2018370', '2020-02-17 14:30:18'),
(371, '1', '2018371', '2020-02-17 14:30:18'),
(372, '1', '2018372', '2020-02-17 14:30:18'),
(373, '1', '2018373', '2020-02-17 14:30:18'),
(374, '1', '2018374', '2020-02-17 14:30:18'),
(375, '1', '2018375', '2020-02-17 14:30:18'),
(376, '1', '2018376', '2020-02-17 14:30:18'),
(377, '1', '2018377', '2020-02-17 14:30:18'),
(378, '1', '2018378', '2020-02-17 14:30:18'),
(379, '1', '2018379', '2020-02-17 14:30:18'),
(380, '1', '2018380', '2020-02-17 14:30:18'),
(381, '1', '2018381', '2020-02-17 14:30:18'),
(382, '1', '2018382', '2020-02-17 14:30:18'),
(383, '1', '2018383', '2020-02-17 14:30:18'),
(384, '1', '2018384', '2020-02-17 14:30:18'),
(385, '1', '2018385', '2020-02-17 14:30:18'),
(386, '1', '2018386', '2020-02-17 14:30:18'),
(387, '1', '2018387', '2020-02-17 14:30:18'),
(388, '1', '2018388', '2020-02-17 14:30:18'),
(389, '1', '2018389', '2020-02-17 14:30:18'),
(390, '1', '2018390', '2020-02-17 14:30:18'),
(391, '1', '2018391', '2020-02-17 14:30:18'),
(392, '1', '2018392', '2020-02-17 14:30:18'),
(393, '1', '2018393', '2020-02-17 14:30:18'),
(394, '1', '2018394', '2020-02-17 14:30:18'),
(395, '1', '2018395', '2020-02-17 14:30:18'),
(396, '1', '2018396', '2020-02-17 14:30:18'),
(397, '1', '2018397', '2020-02-17 14:30:18'),
(398, '1', '2018398', '2020-02-17 14:30:18'),
(399, '1', '2018399', '2020-02-17 14:30:18'),
(400, '1', '2018400', '2020-02-17 14:30:18'),
(401, '1', '2018401', '2020-02-17 14:30:18'),
(402, '1', '2018402', '2020-02-17 14:30:18'),
(403, '1', '2018403', '2020-02-17 14:30:18'),
(404, '1', '2018404', '2020-02-17 14:30:18'),
(405, '1', '2018405', '2020-02-17 14:30:18'),
(406, '1', '2018406', '2020-02-17 14:30:18'),
(407, '1', '2018407', '2020-02-17 14:30:18'),
(408, '1', '2018408', '2020-02-17 14:30:18'),
(409, '1', '2018409', '2020-02-17 14:30:18'),
(410, '1', '2018410', '2020-02-17 14:30:18'),
(411, '1', '2018411', '2020-02-17 14:30:18'),
(412, '1', '2018412', '2020-02-17 14:30:18'),
(413, '1', '2018413', '2020-02-17 14:30:18'),
(414, '1', '2018414', '2020-02-17 14:30:18'),
(415, '1', '2018415', '2020-02-17 14:30:18'),
(416, '1', '2018416', '2020-02-17 14:30:18'),
(417, '1', '2018417', '2020-02-17 14:30:18'),
(418, '1', '2018418', '2020-02-17 14:30:18'),
(419, '1', '2018419', '2020-02-17 14:30:18'),
(420, '1', '2018420', '2020-02-17 14:30:18'),
(421, '1', '2018421', '2020-02-17 14:30:18'),
(422, '1', '2018422', '2020-02-17 14:30:18'),
(423, '1', '2018423', '2020-02-17 14:30:18'),
(424, '1', '2018424', '2020-02-17 14:30:18'),
(425, '1', '2018425', '2020-02-17 14:30:18'),
(426, '1', '2018426', '2020-02-17 14:30:18'),
(427, '1', '2018427', '2020-02-17 14:30:18'),
(428, '1', '2018428', '2020-02-17 14:30:18'),
(429, '1', '2018429', '2020-02-17 14:30:18'),
(430, '1', '2018430', '2020-02-17 14:30:18'),
(431, '1', '2018431', '2020-02-17 14:30:18'),
(432, '1', '2018432', '2020-02-17 14:30:18'),
(433, '1', '2018433', '2020-02-17 14:30:18'),
(434, '1', '2018434', '2020-02-17 14:30:18'),
(435, '1', '2018435', '2020-02-17 14:30:18'),
(436, '1', '2018436', '2020-02-17 14:30:18'),
(437, '1', '2018437', '2020-02-17 14:30:18'),
(438, '1', '2018438', '2020-02-17 14:30:18'),
(439, '1', '2018439', '2020-02-17 14:30:18'),
(440, '1', '2018440', '2020-02-17 14:30:18'),
(441, '1', '2018441', '2020-02-17 14:30:18'),
(442, '1', '2018442', '2020-02-17 14:30:18'),
(443, '1', '2018443', '2020-02-17 14:30:18'),
(444, '1', '2018444', '2020-02-17 14:30:18'),
(445, '1', '2018445', '2020-02-17 14:30:18'),
(446, '1', '2018446', '2020-02-17 14:30:18'),
(447, '1', '2018447', '2020-02-17 14:30:18'),
(448, '1', '2018448', '2020-02-17 14:30:18'),
(449, '1', '2018449', '2020-02-17 14:30:18'),
(450, '1', '2018450', '2020-02-17 14:30:18'),
(451, '1', '2018451', '2020-02-17 14:30:18'),
(452, '1', '2018452', '2020-02-17 14:30:18'),
(453, '1', '2018453', '2020-02-17 14:30:18'),
(454, '1', '2018454', '2020-02-17 14:30:18'),
(455, '1', '2018455', '2020-02-17 14:30:18'),
(456, '1', '2018456', '2020-02-17 14:30:18'),
(457, '1', '2018457', '2020-02-17 14:30:18'),
(458, '1', '2018458', '2020-02-17 14:30:18'),
(459, '1', '2018459', '2020-02-17 14:30:18'),
(460, '1', '2018460', '2020-02-17 14:30:18'),
(461, '1', '2018461', '2020-02-17 14:30:18'),
(462, '1', '2018462', '2020-02-17 14:30:18'),
(463, '1', '2018463', '2020-02-17 14:30:18'),
(464, '1', '2018464', '2020-02-17 14:30:18'),
(465, '1', '2018465', '2020-02-17 14:30:18'),
(466, '1', '2018466', '2020-02-17 14:30:18'),
(467, '1', '2018467', '2020-02-17 14:30:18'),
(468, '1', '2018468', '2020-02-17 14:30:18'),
(469, '1', '2018469', '2020-02-17 14:30:18'),
(470, '1', '2018470', '2020-02-17 14:30:18'),
(471, '1', '2018471', '2020-02-17 14:30:18'),
(472, '1', '2018472', '2020-02-17 14:30:18'),
(473, '1', '2018473', '2020-02-17 14:30:18'),
(474, '1', '2018474', '2020-02-17 14:30:18'),
(475, '1', '2018475', '2020-02-17 14:30:18'),
(476, '1', '2018476', '2020-02-17 14:30:18'),
(477, '1', '2018477', '2020-02-17 14:30:18'),
(478, '1', '2018478', '2020-02-17 14:30:18'),
(479, '1', '2018479', '2020-02-17 14:30:18'),
(480, '1', '2018480', '2020-02-17 14:30:18'),
(481, '1', '2018481', '2020-02-17 14:30:18'),
(482, '1', '2018482', '2020-02-17 14:30:18'),
(483, '1', '2018483', '2020-02-17 14:30:18'),
(484, '1', '2018484', '2020-02-17 14:30:18'),
(485, '1', '2018485', '2020-02-17 14:30:18'),
(486, '1', '2018486', '2020-02-17 14:30:18'),
(487, '1', '2018487', '2020-02-17 14:30:18'),
(488, '1', '2018488', '2020-02-17 14:30:18'),
(489, '1', '2018489', '2020-02-17 14:30:18'),
(490, '1', '2018490', '2020-02-17 14:30:18'),
(491, '1', '2018491', '2020-02-17 14:30:18'),
(492, '1', '2018492', '2020-02-17 14:30:18'),
(493, '1', '2018493', '2020-02-17 14:30:18'),
(494, '1', '2018494', '2020-02-17 14:30:18'),
(495, '1', '2018495', '2020-02-17 14:30:18'),
(496, '1', '2018496', '2020-02-17 14:30:18'),
(497, '1', '2018497', '2020-02-17 14:30:18'),
(498, '1', '2018498', '2020-02-17 14:30:18'),
(499, '1', '2018499', '2020-02-17 14:30:18'),
(500, '1', '2018500', '2020-02-17 14:30:18'),
(501, '1', '2018501', '2020-02-17 14:30:18'),
(502, '1', '2018502', '2020-02-17 14:30:18'),
(503, '1', '2018503', '2020-02-17 14:30:18'),
(504, '1', '2018504', '2020-02-17 14:30:18'),
(505, '1', '2018505', '2020-02-17 14:30:18'),
(506, '1', '2018506', '2020-02-17 14:30:18'),
(507, '1', '2018507', '2020-02-17 14:30:18'),
(508, '1', '2018508', '2020-02-17 14:30:18'),
(509, '1', '2018509', '2020-02-17 14:30:18'),
(510, '1', '2018510', '2020-02-17 14:30:18'),
(511, '1', '2018511', '2020-02-17 14:30:18'),
(512, '1', '2018512', '2020-02-17 14:30:18'),
(513, '1', '2018513', '2020-02-17 14:30:18'),
(514, '1', '2018514', '2020-02-17 14:30:18'),
(515, '1', '2018515', '2020-02-17 14:30:18'),
(516, '1', '2018516', '2020-02-17 14:30:18'),
(517, '1', '2018517', '2020-02-17 14:30:18'),
(518, '1', '2018518', '2020-02-17 14:30:18'),
(519, '1', '2018519', '2020-02-17 14:30:18'),
(520, '1', '2018520', '2020-02-17 14:30:18'),
(521, '1', '2018521', '2020-02-17 14:30:18'),
(522, '1', '2018522', '2020-02-17 14:30:18'),
(523, '1', '2018523', '2020-02-17 14:30:18'),
(524, '1', '2018524', '2020-02-17 14:30:18'),
(525, '1', '2018525', '2020-02-17 14:30:18'),
(526, '1', '2018526', '2020-02-17 14:30:18'),
(527, '1', '2018527', '2020-02-17 14:30:18'),
(528, '1', '2018528', '2020-02-17 14:30:18'),
(529, '1', '2018529', '2020-02-17 14:30:18'),
(530, '1', '2018530', '2020-02-17 14:30:18'),
(531, '1', '2018531', '2020-02-17 14:30:18'),
(532, '1', '2018532', '2020-02-17 14:30:18'),
(533, '1', '2018533', '2020-02-17 14:30:18'),
(534, '1', '2018534', '2020-02-17 14:30:18'),
(535, '1', '2018535', '2020-02-17 14:30:18'),
(536, '1', '2018536', '2020-02-17 14:30:18'),
(537, '1', '2018537', '2020-02-17 14:30:18'),
(538, '1', '2018538', '2020-02-17 14:30:18'),
(539, '1', '2018539', '2020-02-17 14:30:18'),
(540, '1', '2018540', '2020-02-17 14:30:18'),
(541, '1', '2018541', '2020-02-17 14:30:18'),
(542, '1', '2018542', '2020-02-17 14:30:18'),
(543, '1', '2018543', '2020-02-17 14:30:18'),
(544, '1', '2018544', '2020-02-17 14:30:18'),
(545, '1', '2018545', '2020-02-17 14:30:18'),
(546, '1', '2018546', '2020-02-17 14:30:18'),
(547, '1', '2018547', '2020-02-17 14:30:18'),
(548, '1', '2018548', '2020-02-17 14:30:18'),
(549, '1', '2018549', '2020-02-17 14:30:18'),
(550, '1', '2018550', '2020-02-17 14:30:18');

-- --------------------------------------------------------

--
-- Table structure for table `tbl_acara`
--

CREATE TABLE `tbl_acara` (
  `id_acara` varchar(10) NOT NULL,
  `id_kategori` varchar(10) NOT NULL,
  `nama_acara` varchar(30) NOT NULL,
  `waktu_acara` datetime NOT NULL
) ENGINE=InnoDB DEFAULT CHARSET=latin1;

--
-- Dumping data for table `tbl_acara`
--

INSERT INTO `tbl_acara` (`id_acara`, `id_kategori`, `nama_acara`, `waktu_acara`) VALUES
('1', '2', 'Upacara', '2020-02-17 08:00:00'),
('2', '1', 'Thafiz', '2020-02-18 15:00:00');

-- --------------------------------------------------------

--
-- Table structure for table `tbl_guru`
--

CREATE TABLE `tbl_guru` (
  `id_guru` varchar(10) NOT NULL,
  `nama_guru` varchar(50) NOT NULL,
  `email_guru` varchar(40) NOT NULL,
  `password_guru` varchar(100) NOT NULL,
  `hak_akses` varchar(10) NOT NULL
) ENGINE=InnoDB DEFAULT CHARSET=latin1;

--
-- Dumping data for table `tbl_guru`
--

INSERT INTO `tbl_guru` (`id_guru`, `nama_guru`, `email_guru`, `password_guru`, `hak_akses`) VALUES
('0', 'Emma', 'Emma@gmail.com', 'wgvhptbrwz', 'guru'),
('1', 'Olivia', 'Olivia@gmail.com', 'xdgcuivmbb', 'guru'),
('10', 'Abigail', 'Abigail@gmail.com', 'efatuadgre', 'guru'),
('11', 'Emily', 'Emily@gmail.com', 'bcuqwtcujk', 'guru'),
('12', 'Elizabeth', 'Elizabeth@gmail.com', 'viwubfzrku', 'guru'),
('13', 'Mila', 'Mila@gmail.com', 'hicjwzldpr', 'guru'),
('14', 'Ella', 'Ella@gmail.com', 'zwkygyefpw', 'guru'),
('15', 'Avery', 'Avery@gmail.com', 'drdliecinm', 'guru'),
('16', 'Sofia', 'Sofia@gmail.com', 'unfgvqwbsa', 'guru'),
('17', 'Camila', 'Camila@gmail.com', 'rglvzuiiwy', 'guru'),
('18', 'Aria', 'Aria@gmail.com', 'bctmqannvo', 'guru'),
('19', 'Scarlett', 'Scarlett@gmail.com', 'ifksotkiow', 'guru'),
('2', 'Ava', 'Ava@gmail.com', 'wgalxfbumm', 'guru'),
('20', 'Victoria', 'Victoria@gmail.com', 'vjhoogzcsn', 'guru'),
('21', 'Madison', 'Madison@gmail.com', 'ohiiqpnyof', 'guru'),
('22', 'Luna', 'Luna@gmail.com', 'lxnkuogzzs', 'guru'),
('23', 'Grace', 'Grace@gmail.com', 'chwsqnqhsf', 'guru'),
('24', 'Chloe', 'Chloe@gmail.com', 'vnwxxxjqaa', 'guru'),
('25', 'Penelope', 'Penelope@gmail.com', 'azmorjqgub', 'guru'),
('26', 'Layla', 'Layla@gmail.com', 'cqqmfzmkne', 'guru'),
('27', 'Riley', 'Riley@gmail.com', 'cjvhirbtwx', 'guru'),
('28', 'Zoey', 'Zoey@gmail.com', 'gdayguemqa', 'guru'),
('29', 'Nora', 'Nora@gmail.com', 'yuflizyukn', 'guru'),
('3', 'Isabella', 'Isabella@gmail.com', 'pksymvjtpu', 'guru'),
('30', 'Lily', 'Lily@gmail.com', 'xrjplccypl', 'guru'),
('31', 'Eleanor', 'Eleanor@gmail.com', 'hsdwqsnzzi', 'guru'),
('32', 'Hannah', 'Hannah@gmail.com', 'uzuetmmgyi', 'guru'),
('33', 'Lillian', 'Lillian@gmail.com', 'tthpcgrbyp', 'guru'),
('34', 'Addison', 'Addison@gmail.com', 'elqerbvtwc', 'guru'),
('35', 'Aubrey', 'Aubrey@gmail.com', 'jgxnvattrm', 'guru'),
('36', 'Ellie', 'Ellie@gmail.com', 'aaishyjhmp', 'guru'),
('37', 'Stella', 'Stella@gmail.com', 'qygjiqylsw', 'guru'),
('38', 'Natalie', 'Natalie@gmail.com', 'qurgboxrhl', 'guru'),
('39', 'Zoe', 'Zoe@gmail.com', 'itwbxzrjoz', 'guru'),
('4', 'Sophia', 'Sophia@gmail.com', 'kxbyogjzjt', 'guru'),
('40', 'Leah', 'Leah@gmail.com', 'ytpodfczzt', 'guru'),
('41', 'Hazel', 'Hazel@gmail.com', 'mxoxqykvti', 'guru'),
('42', 'Violet', 'Violet@gmail.com', 'ogvgenrofj', 'guru'),
('43', 'Aurora', 'Aurora@gmail.com', 'xurymczqzs', 'guru'),
('44', 'Savannah', 'Savannah@gmail.com', 'kespwktysq', 'guru'),
('45', 'Audrey', 'Audrey@gmail.com', 'ikseekcrjf', 'guru'),
('46', 'Brooklyn', 'Brooklyn@gmail.com', 'gudjdxksmi', 'guru'),
('47', 'Bella', 'Bella@gmail.com', 'ilquazfxps', 'guru'),
('48', 'Claire', 'Claire@gmail.com', 'eclrnnsnjw', 'guru'),
('49', 'Skylar', 'Skylar@gmail.com', 'htajzpowmw', 'guru'),
('5', 'Charlotte', 'Charlotte@gmail.com', 'btmczgkopw', 'guru'),
('6', 'Mia', 'Mia@gmail.com', 'vtzuioraeo', 'guru'),
('7', 'Amelia', 'Amelia@gmail.com', 'esdvfmjyeh', 'guru'),
('8', 'Harper', 'Harper@gmail.com', 'nruspyncot', 'guru'),
('9', 'Evelyn', 'Evelyn@gmail.com', 'xopfboffvl', 'guru');

-- --------------------------------------------------------

--
-- Table structure for table `tbl_kategori`
--

CREATE TABLE `tbl_kategori` (
  `id_kategori` varchar(10) NOT NULL,
  `nama_kategori` varchar(20) NOT NULL
) ENGINE=InnoDB DEFAULT CHARSET=latin1;

--
-- Dumping data for table `tbl_kategori`
--

INSERT INTO `tbl_kategori` (`id_kategori`, `nama_kategori`) VALUES
('1', 'religius'),
('2', 'disiplin');

-- --------------------------------------------------------

--
-- Table structure for table `tbl_kelas`
--

CREATE TABLE `tbl_kelas` (
  `id_kelas` varchar(10) NOT NULL,
  `nama_kelas` varchar(30) NOT NULL
) ENGINE=InnoDB DEFAULT CHARSET=latin1;

--
-- Dumping data for table `tbl_kelas`
--

INSERT INTO `tbl_kelas` (`id_kelas`, `nama_kelas`) VALUES
('X1', 'X Tel 1'),
('X10', 'X Tel 10'),
('X11', 'X Tel 11'),
('X12', 'X Tel 12'),
('X13', 'X Tel 13'),
('X2', 'X Tel 2'),
('X3', 'X Tel 3'),
('X4', 'X Tel 4'),
('X5', 'X Tel 5'),
('X6', 'X Tel 6'),
('X7', 'X Tel 7'),
('X8', 'X Tel 8'),
('X9', 'X Tel 9');

-- --------------------------------------------------------

--
-- Table structure for table `tbl_siswa`
--

CREATE TABLE `tbl_siswa` (
  `id_siswa` varchar(10) NOT NULL,
  `id_kelas` varchar(10) NOT NULL,
  `nama_siswa` varchar(50) NOT NULL,
  `email_siswa` varchar(40) NOT NULL,
  `password_siswa` varchar(100) NOT NULL
) ENGINE=InnoDB DEFAULT CHARSET=latin1;

--
-- Dumping data for table `tbl_siswa`
--

INSERT INTO `tbl_siswa` (`id_siswa`, `id_kelas`, `nama_siswa`, `email_siswa`, `password_siswa`) VALUES
('20181', 'X1', 'Emma', 'Emma@gmail.com', 'oiuqirmhjc'),
('201810', 'X1', 'Evelyn', 'Evelyn@gmail.com', 'hjlniuaeca'),
('2018100', 'X2', 'Skylar', 'Skylar@gmail.com', 'tvohabtrse'),
('2018101', 'X3', 'Emma', 'Emma@gmail.com', 'xljkotejlt'),
('2018102', 'X3', 'Olivia', 'Olivia@gmail.com', 'bydsffxrga'),
('2018103', 'X3', 'Ava', 'Ava@gmail.com', 'usnflhkvnk'),
('2018104', 'X3', 'Isabella', 'Isabella@gmail.com', 'tvhqiofuhj'),
('2018105', 'X3', 'Sophia', 'Sophia@gmail.com', 'ossfsbcexk'),
('2018106', 'X3', 'Charlotte', 'Charlotte@gmail.com', 'dpfpazcsnj'),
('2018107', 'X3', 'Mia', 'Mia@gmail.com', 'fjgzpjzboa'),
('2018108', 'X3', 'Amelia', 'Amelia@gmail.com', 'hufgwuynie'),
('2018109', 'X3', 'Harper', 'Harper@gmail.com', 'qxuflxjoby'),
('201811', 'X1', 'Abigail', 'Abigail@gmail.com', 'hygcztyxyc'),
('2018110', 'X3', 'Evelyn', 'Evelyn@gmail.com', 'aidvhjuqaa'),
('2018111', 'X3', 'Abigail', 'Abigail@gmail.com', 'qowwdnlaip'),
('2018112', 'X3', 'Emily', 'Emily@gmail.com', 'niynxkhxyl'),
('2018113', 'X3', 'Elizabeth', 'Elizabeth@gmail.com', 'ebwrkrijgw'),
('2018114', 'X3', 'Mila', 'Mila@gmail.com', 'cgtblzrbsj'),
('2018115', 'X3', 'Ella', 'Ella@gmail.com', 'gvwitylypm'),
('2018116', 'X3', 'Avery', 'Avery@gmail.com', 'shwehsvqqs'),
('2018117', 'X3', 'Sofia', 'Sofia@gmail.com', 'kexokkcfqn'),
('2018118', 'X3', 'Camila', 'Camila@gmail.com', 'lzfciutjeq'),
('2018119', 'X3', 'Aria', 'Aria@gmail.com', 'jyheyoduqx'),
('201812', 'X1', 'Emily', 'Emily@gmail.com', 'krkvrhadzo'),
('2018120', 'X3', 'Scarlett', 'Scarlett@gmail.com', 'xexyehzxve'),
('2018121', 'X3', 'Victoria', 'Victoria@gmail.com', 'fwcybrkrkt'),
('2018122', 'X3', 'Madison', 'Madison@gmail.com', 'yhjilsscas'),
('2018123', 'X3', 'Luna', 'Luna@gmail.com', 'suqqgkybax'),
('2018124', 'X3', 'Grace', 'Grace@gmail.com', 'uxdwyifugi'),
('2018125', 'X3', 'Chloe', 'Chloe@gmail.com', 'pbjfudqhbl'),
('2018126', 'X3', 'Penelope', 'Penelope@gmail.com', 'kckoukmzsv'),
('2018127', 'X3', 'Layla', 'Layla@gmail.com', 'uuvzprxeou'),
('2018128', 'X3', 'Riley', 'Riley@gmail.com', 'mjczayaznv'),
('2018129', 'X3', 'Zoey', 'Zoey@gmail.com', 'fyzctvakbc'),
('201813', 'X1', 'Elizabeth', 'Elizabeth@gmail.com', 'ssrempnpou'),
('2018130', 'X3', 'Nora', 'Nora@gmail.com', 'dmwwbhhign'),
('2018131', 'X3', 'Lily', 'Lily@gmail.com', 'ueqgbenqle'),
('2018132', 'X3', 'Eleanor', 'Eleanor@gmail.com', 'gugdysmwdv'),
('2018133', 'X3', 'Hannah', 'Hannah@gmail.com', 'utoujxaqvp'),
('2018134', 'X3', 'Lillian', 'Lillian@gmail.com', 'axlnlusxgk'),
('2018135', 'X3', 'Addison', 'Addison@gmail.com', 'rybqetaplm'),
('2018136', 'X3', 'Aubrey', 'Aubrey@gmail.com', 'lmwvtxrdha'),
('2018137', 'X3', 'Ellie', 'Ellie@gmail.com', 'kxktdgcnjj'),
('2018138', 'X3', 'Stella', 'Stella@gmail.com', 'afdsgcdfyj'),
('2018139', 'X3', 'Natalie', 'Natalie@gmail.com', 'ipfufsvgih'),
('201814', 'X1', 'Mila', 'Mila@gmail.com', 'dbbverppiz'),
('2018140', 'X3', 'Zoe', 'Zoe@gmail.com', 'tqazwcynvz'),
('2018141', 'X3', 'Leah', 'Leah@gmail.com', 'nryaqwbkrl'),
('2018142', 'X3', 'Hazel', 'Hazel@gmail.com', 'hrsmdekpcz'),
('2018143', 'X3', 'Violet', 'Violet@gmail.com', 'vqekajvrzu'),
('2018144', 'X3', 'Aurora', 'Aurora@gmail.com', 'qgiwvarxkj'),
('2018145', 'X3', 'Savannah', 'Savannah@gmail.com', 'ghuldumpjd'),
('2018146', 'X3', 'Audrey', 'Audrey@gmail.com', 'bcpxetnzjm'),
('2018147', 'X3', 'Brooklyn', 'Brooklyn@gmail.com', 'dtmrkumcje'),
('2018148', 'X3', 'Bella', 'Bella@gmail.com', 'kkytofanvn'),
('2018149', 'X3', 'Claire', 'Claire@gmail.com', 'hdqgqpckxx'),
('201815', 'X1', 'Ella', 'Ella@gmail.com', 'ifybvpnhtk'),
('2018150', 'X3', 'Skylar', 'Skylar@gmail.com', 'dvwhrdelek'),
('2018151', 'X4', 'Emma', 'Emma@gmail.com', 'kufrclesaq'),
('2018152', 'X4', 'Olivia', 'Olivia@gmail.com', 'gsozzadhol'),
('2018153', 'X4', 'Ava', 'Ava@gmail.com', 'fryzehaydi'),
('2018154', 'X4', 'Isabella', 'Isabella@gmail.com', 'ggrjvplviu'),
('2018155', 'X4', 'Sophia', 'Sophia@gmail.com', 'rhsikqfacm'),
('2018156', 'X4', 'Charlotte', 'Charlotte@gmail.com', 'zgaruxrqxg'),
('2018157', 'X4', 'Mia', 'Mia@gmail.com', 'dlwlcrskod'),
('2018158', 'X4', 'Amelia', 'Amelia@gmail.com', 'lqrsspoqpn'),
('2018159', 'X4', 'Harper', 'Harper@gmail.com', 'nxmbohcocb'),
('201816', 'X1', 'Avery', 'Avery@gmail.com', 'qxhohrsigy'),
('2018160', 'X4', 'Evelyn', 'Evelyn@gmail.com', 'fhoqwdngtc'),
('2018161', 'X4', 'Abigail', 'Abigail@gmail.com', 'poupvfvxxt'),
('2018162', 'X4', 'Emily', 'Emily@gmail.com', 'scrjijuscy'),
('2018163', 'X4', 'Elizabeth', 'Elizabeth@gmail.com', 'absvtmcsnp'),
('2018164', 'X4', 'Mila', 'Mila@gmail.com', 'apsmohkgih'),
('2018165', 'X4', 'Ella', 'Ella@gmail.com', 'edkoleyhhn'),
('2018166', 'X4', 'Avery', 'Avery@gmail.com', 'vdccgvgqam'),
('2018167', 'X4', 'Sofia', 'Sofia@gmail.com', 'ywkvzxtrrc'),
('2018168', 'X4', 'Camila', 'Camila@gmail.com', 'bgyrvvwkoi'),
('2018169', 'X4', 'Aria', 'Aria@gmail.com', 'dipjnotqek'),
('201817', 'X1', 'Sofia', 'Sofia@gmail.com', 'osfsnvlkzo'),
('2018170', 'X4', 'Scarlett', 'Scarlett@gmail.com', 'xtdvzlzodl'),
('2018171', 'X4', 'Victoria', 'Victoria@gmail.com', 'eebmympfxb'),
('2018172', 'X4', 'Madison', 'Madison@gmail.com', 'hxkntnlkgr'),
('2018173', 'X4', 'Luna', 'Luna@gmail.com', 'zcdqidlbwc'),
('2018174', 'X4', 'Grace', 'Grace@gmail.com', 'bewydyesvt'),
('2018175', 'X4', 'Chloe', 'Chloe@gmail.com', 'krrhivtxfj'),
('2018176', 'X4', 'Penelope', 'Penelope@gmail.com', 'zmoibtklgm'),
('2018177', 'X4', 'Layla', 'Layla@gmail.com', 'dwcogcqzsw'),
('2018178', 'X4', 'Riley', 'Riley@gmail.com', 'stvapncbbk'),
('2018179', 'X4', 'Zoey', 'Zoey@gmail.com', 'gwwbfnjufb'),
('201818', 'X1', 'Camila', 'Camila@gmail.com', 'sqdtxpjhuv'),
('2018180', 'X4', 'Nora', 'Nora@gmail.com', 'ptwlbdllsl'),
('2018181', 'X4', 'Lily', 'Lily@gmail.com', 'ldllbazbip'),
('2018182', 'X4', 'Eleanor', 'Eleanor@gmail.com', 'kbhzfaaqsq'),
('2018183', 'X4', 'Hannah', 'Hannah@gmail.com', 'fncakcwred'),
('2018184', 'X4', 'Lillian', 'Lillian@gmail.com', 'mrvaayjouk'),
('2018185', 'X4', 'Addison', 'Addison@gmail.com', 'odinjdcqbw'),
('2018186', 'X4', 'Aubrey', 'Aubrey@gmail.com', 'wvaxvjweqe'),
('2018187', 'X4', 'Ellie', 'Ellie@gmail.com', 'yrllpihnza'),
('2018188', 'X4', 'Stella', 'Stella@gmail.com', 'gqswmdfvau'),
('2018189', 'X4', 'Natalie', 'Natalie@gmail.com', 'ovftcotcvb'),
('201819', 'X1', 'Aria', 'Aria@gmail.com', 'zulnuicbrk'),
('2018190', 'X4', 'Zoe', 'Zoe@gmail.com', 'ruyujjrqil'),
('2018191', 'X4', 'Leah', 'Leah@gmail.com', 'erlfzogywm'),
('2018192', 'X4', 'Hazel', 'Hazel@gmail.com', 'tquibnbolo'),
('2018193', 'X4', 'Violet', 'Violet@gmail.com', 'vgrhlvrswb'),
('2018194', 'X4', 'Aurora', 'Aurora@gmail.com', 'spuwlttvkb'),
('2018195', 'X4', 'Savannah', 'Savannah@gmail.com', 'xbrcyayleg'),
('2018196', 'X4', 'Audrey', 'Audrey@gmail.com', 'hurirkgrnx'),
('2018197', 'X4', 'Brooklyn', 'Brooklyn@gmail.com', 'rtiphuwxud'),
('2018198', 'X4', 'Bella', 'Bella@gmail.com', 'jhdzzcepzy'),
('2018199', 'X4', 'Claire', 'Claire@gmail.com', 'zwnfmosols'),
('20182', 'X1', 'Olivia', 'Olivia@gmail.com', 'pqbzibbiqr'),
('201820', 'X1', 'Scarlett', 'Scarlett@gmail.com', 'rgtwldakye'),
('2018200', 'X4', 'Skylar', 'Skylar@gmail.com', 'muaqmooein'),
('2018201', 'X5', 'Emma', 'Emma@gmail.com', 'rbhflakcry'),
('2018202', 'X5', 'Olivia', 'Olivia@gmail.com', 'unnlxggbzo'),
('2018203', 'X5', 'Ava', 'Ava@gmail.com', 'pkgmvtyumo'),
('2018204', 'X5', 'Isabella', 'Isabella@gmail.com', 'bqitmicskx'),
('2018205', 'X5', 'Sophia', 'Sophia@gmail.com', 'ladlbzgotp'),
('2018206', 'X5', 'Charlotte', 'Charlotte@gmail.com', 'xzzxrjzvnc'),
('2018207', 'X5', 'Mia', 'Mia@gmail.com', 'xttvxdddgk'),
('2018208', 'X5', 'Amelia', 'Amelia@gmail.com', 'cjjeofcpjw'),
('2018209', 'X5', 'Harper', 'Harper@gmail.com', 'mxopqrsxsn'),
('201821', 'X1', 'Victoria', 'Victoria@gmail.com', 'wzawhgyebd'),
('2018210', 'X5', 'Evelyn', 'Evelyn@gmail.com', 'ktapzofskh'),
('2018211', 'X5', 'Abigail', 'Abigail@gmail.com', 'ilieciuwnx'),
('2018212', 'X5', 'Emily', 'Emily@gmail.com', 'ozdxsgxspt'),
('2018213', 'X5', 'Elizabeth', 'Elizabeth@gmail.com', 'noxplhtkin'),
('2018214', 'X5', 'Mila', 'Mila@gmail.com', 'ezrrjrkvyw'),
('2018215', 'X5', 'Ella', 'Ella@gmail.com', 'jiumatuvqi'),
('2018216', 'X5', 'Avery', 'Avery@gmail.com', 'aowrnfaekz'),
('2018217', 'X5', 'Sofia', 'Sofia@gmail.com', 'bredliadcv'),
('2018218', 'X5', 'Camila', 'Camila@gmail.com', 'yhnjlkehad'),
('2018219', 'X5', 'Aria', 'Aria@gmail.com', 'jswiuxpqua'),
('201822', 'X1', 'Madison', 'Madison@gmail.com', 'dgknjahsze'),
('2018220', 'X5', 'Scarlett', 'Scarlett@gmail.com', 'wmqxebeffe'),
('2018221', 'X5', 'Victoria', 'Victoria@gmail.com', 'jmcvmrkwqe'),
('2018222', 'X5', 'Madison', 'Madison@gmail.com', 'zpkrpibxrd'),
('2018223', 'X5', 'Luna', 'Luna@gmail.com', 'thkhxuaapt'),
('2018224', 'X5', 'Grace', 'Grace@gmail.com', 'vjjaevxhow'),
('2018225', 'X5', 'Chloe', 'Chloe@gmail.com', 'njvxbqruju'),
('2018226', 'X5', 'Penelope', 'Penelope@gmail.com', 'nxanjtnuhy'),
('2018227', 'X5', 'Layla', 'Layla@gmail.com', 'lekynzjrya'),
('2018228', 'X5', 'Riley', 'Riley@gmail.com', 'cwegimamrx'),
('2018229', 'X5', 'Zoey', 'Zoey@gmail.com', 'xwnrcegipd'),
('201823', 'X1', 'Luna', 'Luna@gmail.com', 'qqedpcsjyf'),
('2018230', 'X5', 'Nora', 'Nora@gmail.com', 'ozjzawiexg'),
('2018231', 'X5', 'Lily', 'Lily@gmail.com', 'yavdftbpog'),
('2018232', 'X5', 'Eleanor', 'Eleanor@gmail.com', 'kiqlsjxhzb'),
('2018233', 'X5', 'Hannah', 'Hannah@gmail.com', 'mjohdcynlq'),
('2018234', 'X5', 'Lillian', 'Lillian@gmail.com', 'extawsnxwf'),
('2018235', 'X5', 'Addison', 'Addison@gmail.com', 'qlfacdzora'),
('2018236', 'X5', 'Aubrey', 'Aubrey@gmail.com', 'eyvwkzhwjh'),
('2018237', 'X5', 'Ellie', 'Ellie@gmail.com', 'chwlwnafrs'),
('2018238', 'X5', 'Stella', 'Stella@gmail.com', 'uothqzfjaw'),
('2018239', 'X5', 'Natalie', 'Natalie@gmail.com', 'hlhuuogdmv'),
('201824', 'X1', 'Grace', 'Grace@gmail.com', 'kbbrfitbsa'),
('2018240', 'X5', 'Zoe', 'Zoe@gmail.com', 'dsyvhqgmaw'),
('2018241', 'X5', 'Leah', 'Leah@gmail.com', 'wgfyikictm'),
('2018242', 'X5', 'Hazel', 'Hazel@gmail.com', 'gqpqxnrzpd'),
('2018243', 'X5', 'Violet', 'Violet@gmail.com', 'bjgiymlruo'),
('2018244', 'X5', 'Aurora', 'Aurora@gmail.com', 'qqtmvbnrmu'),
('2018245', 'X5', 'Savannah', 'Savannah@gmail.com', 'ktechflxuu'),
('2018246', 'X5', 'Audrey', 'Audrey@gmail.com', 'bivdlrqsrt'),
('2018247', 'X5', 'Brooklyn', 'Brooklyn@gmail.com', 'tjemefwkxt'),
('2018248', 'X5', 'Bella', 'Bella@gmail.com', 'zfhilcaomg'),
('2018249', 'X5', 'Claire', 'Claire@gmail.com', 'pqzpjztdky'),
('201825', 'X1', 'Chloe', 'Chloe@gmail.com', 'zaykpbasiv'),
('2018250', 'X5', 'Skylar', 'Skylar@gmail.com', 'vvrijapatn'),
('2018251', 'X6', 'Emma', 'Emma@gmail.com', 'vgmibhkicj'),
('2018252', 'X6', 'Olivia', 'Olivia@gmail.com', 'yohfpaqyka'),
('2018253', 'X6', 'Ava', 'Ava@gmail.com', 'mfqxvmuyto'),
('2018254', 'X6', 'Isabella', 'Isabella@gmail.com', 'zzsnxehexq'),
('2018255', 'X6', 'Sophia', 'Sophia@gmail.com', 'bemhsinzmh'),
('2018256', 'X6', 'Charlotte', 'Charlotte@gmail.com', 'erxuhymhyt'),
('2018257', 'X6', 'Mia', 'Mia@gmail.com', 'kshiszxzup'),
('2018258', 'X6', 'Amelia', 'Amelia@gmail.com', 'qqhjocjpts'),
('2018259', 'X6', 'Harper', 'Harper@gmail.com', 'tsolhqqlbe'),
('201826', 'X1', 'Penelope', 'Penelope@gmail.com', 'hrxjirdecb'),
('2018260', 'X6', 'Evelyn', 'Evelyn@gmail.com', 'wjsxrgawhu'),
('2018261', 'X6', 'Abigail', 'Abigail@gmail.com', 'qqxgdbtiyr'),
('2018262', 'X6', 'Emily', 'Emily@gmail.com', 'ftnklkztpz'),
('2018263', 'X6', 'Elizabeth', 'Elizabeth@gmail.com', 'adjatcdkom'),
('2018264', 'X6', 'Mila', 'Mila@gmail.com', 'ifftvkfgvu'),
('2018265', 'X6', 'Ella', 'Ella@gmail.com', 'qxnuifoout'),
('2018266', 'X6', 'Avery', 'Avery@gmail.com', 'pvinxlqbgn'),
('2018267', 'X6', 'Sofia', 'Sofia@gmail.com', 'ljimylbwdt'),
('2018268', 'X6', 'Camila', 'Camila@gmail.com', 'xirrpyvchs'),
('2018269', 'X6', 'Aria', 'Aria@gmail.com', 'jykswupkzg'),
('201827', 'X1', 'Layla', 'Layla@gmail.com', 'stunvydago'),
('2018270', 'X6', 'Scarlett', 'Scarlett@gmail.com', 'qoaqzmojla'),
('2018271', 'X6', 'Victoria', 'Victoria@gmail.com', 'pjieftgplu'),
('2018272', 'X6', 'Madison', 'Madison@gmail.com', 'yrkwdbnyzk'),
('2018273', 'X6', 'Luna', 'Luna@gmail.com', 'eiyleafuoi'),
('2018274', 'X6', 'Grace', 'Grace@gmail.com', 'bjhdgwxgpr'),
('2018275', 'X6', 'Chloe', 'Chloe@gmail.com', 'qzleuwmkup'),
('2018276', 'X6', 'Penelope', 'Penelope@gmail.com', 'gntkykibfp'),
('2018277', 'X6', 'Layla', 'Layla@gmail.com', 'rchlpwjole'),
('2018278', 'X6', 'Riley', 'Riley@gmail.com', 'nrdvrsloaz'),
('2018279', 'X6', 'Zoey', 'Zoey@gmail.com', 'vkqelvmiaq'),
('201828', 'X1', 'Riley', 'Riley@gmail.com', 'bgicfwwafm'),
('2018280', 'X6', 'Nora', 'Nora@gmail.com', 'evuvskveie'),
('2018281', 'X6', 'Lily', 'Lily@gmail.com', 'edagghhvih'),
('2018282', 'X6', 'Eleanor', 'Eleanor@gmail.com', 'ctgvzcfqfa'),
('2018283', 'X6', 'Hannah', 'Hannah@gmail.com', 'aqqvisnieu'),
('2018284', 'X6', 'Lillian', 'Lillian@gmail.com', 'znsfpltgxo'),
('2018285', 'X6', 'Addison', 'Addison@gmail.com', 'ppyxsspert'),
('2018286', 'X6', 'Aubrey', 'Aubrey@gmail.com', 'xgmhvtlbkj'),
('2018287', 'X6', 'Ellie', 'Ellie@gmail.com', 'tccxsiazkt'),
('2018288', 'X6', 'Stella', 'Stella@gmail.com', 'sdactjvant'),
('2018289', 'X6', 'Natalie', 'Natalie@gmail.com', 'xrhgqyxatd'),
('201829', 'X1', 'Zoey', 'Zoey@gmail.com', 'rzbqvjzqhn'),
('2018290', 'X6', 'Zoe', 'Zoe@gmail.com', 'jbkfnuhoij'),
('2018291', 'X6', 'Leah', 'Leah@gmail.com', 'ywzloawmvc'),
('2018292', 'X6', 'Hazel', 'Hazel@gmail.com', 'kmzrofxhcv'),
('2018293', 'X6', 'Violet', 'Violet@gmail.com', 'bkqkvgnmeu'),
('2018294', 'X6', 'Aurora', 'Aurora@gmail.com', 'fokzzvfdtr'),
('2018295', 'X6', 'Savannah', 'Savannah@gmail.com', 'vmbyapxemb'),
('2018296', 'X6', 'Audrey', 'Audrey@gmail.com', 'oayooezspb'),
('2018297', 'X6', 'Brooklyn', 'Brooklyn@gmail.com', 'mnghwhxiux'),
('2018298', 'X6', 'Bella', 'Bella@gmail.com', 'flollreypr'),
('2018299', 'X6', 'Claire', 'Claire@gmail.com', 'oizskgfrnf'),
('20183', 'X1', 'Ava', 'Ava@gmail.com', 'rzkydlasyo'),
('201830', 'X1', 'Nora', 'Nora@gmail.com', 'bohdqallqy'),
('2018300', 'X6', 'Skylar', 'Skylar@gmail.com', 'koaomafdmn'),
('2018301', 'X7', 'Emma', 'Emma@gmail.com', 'nldfocatda'),
('2018302', 'X7', 'Olivia', 'Olivia@gmail.com', 'cmasgwgjjc'),
('2018303', 'X7', 'Ava', 'Ava@gmail.com', 'vxgjubeexe'),
('2018304', 'X7', 'Isabella', 'Isabella@gmail.com', 'ibnrcgopcv'),
('2018305', 'X7', 'Sophia', 'Sophia@gmail.com', 'ijpsffwtfp'),
('2018306', 'X7', 'Charlotte', 'Charlotte@gmail.com', 'npprudsjtq'),
('2018307', 'X7', 'Mia', 'Mia@gmail.com', 'awgeosmrgw'),
('2018308', 'X7', 'Amelia', 'Amelia@gmail.com', 'etdrzsanwu'),
('2018309', 'X7', 'Harper', 'Harper@gmail.com', 'viptxrbayu'),
('201831', 'X1', 'Lily', 'Lily@gmail.com', 'zgzjoxmngw'),
('2018310', 'X7', 'Evelyn', 'Evelyn@gmail.com', 'zbzryjapdh'),
('2018311', 'X7', 'Abigail', 'Abigail@gmail.com', 'jooyutmmhj'),
('2018312', 'X7', 'Emily', 'Emily@gmail.com', 'uqkgmlffud'),
('2018313', 'X7', 'Elizabeth', 'Elizabeth@gmail.com', 'meehbajghd'),
('2018314', 'X7', 'Mila', 'Mila@gmail.com', 'rtnftflsfm'),
('2018315', 'X7', 'Ella', 'Ella@gmail.com', 'hywqsgvegq'),
('2018316', 'X7', 'Avery', 'Avery@gmail.com', 'zljwpyaphq'),
('2018317', 'X7', 'Sofia', 'Sofia@gmail.com', 'drjfywkscf'),
('2018318', 'X7', 'Camila', 'Camila@gmail.com', 'dagmxvlnyy'),
('2018319', 'X7', 'Aria', 'Aria@gmail.com', 'qnfvoboavf'),
('201832', 'X1', 'Eleanor', 'Eleanor@gmail.com', 'uqctikuwey'),
('2018320', 'X7', 'Scarlett', 'Scarlett@gmail.com', 'shcfteztxf'),
('2018321', 'X7', 'Victoria', 'Victoria@gmail.com', 'ugvtumyvnd'),
('2018322', 'X7', 'Madison', 'Madison@gmail.com', 'qrtaxroygp'),
('2018323', 'X7', 'Luna', 'Luna@gmail.com', 'pcyfesooqn'),
('2018324', 'X7', 'Grace', 'Grace@gmail.com', 'mbnfwfpxop'),
('2018325', 'X7', 'Chloe', 'Chloe@gmail.com', 'ixvsawtgkt'),
('2018326', 'X7', 'Penelope', 'Penelope@gmail.com', 'vrcoihlqzi'),
('2018327', 'X7', 'Layla', 'Layla@gmail.com', 'fvstgfmfgo'),
('2018328', 'X7', 'Riley', 'Riley@gmail.com', 'nljuauopws'),
('2018329', 'X7', 'Zoey', 'Zoey@gmail.com', 'nlxpmukkja'),
('201833', 'X1', 'Hannah', 'Hannah@gmail.com', 'xughrrvhrn'),
('2018330', 'X7', 'Nora', 'Nora@gmail.com', 'dbboplocxo'),
('2018331', 'X7', 'Lily', 'Lily@gmail.com', 'wjiztjnrei'),
('2018332', 'X7', 'Eleanor', 'Eleanor@gmail.com', 'jllwedmyxr'),
('2018333', 'X7', 'Hannah', 'Hannah@gmail.com', 'sopzhqwpnf'),
('2018334', 'X7', 'Lillian', 'Lillian@gmail.com', 'kgtpjkiuxp'),
('2018335', 'X7', 'Addison', 'Addison@gmail.com', 'nspybvbpvi'),
('2018336', 'X7', 'Aubrey', 'Aubrey@gmail.com', 'pvsegcxpyh'),
('2018337', 'X7', 'Ellie', 'Ellie@gmail.com', 'ozyvclpnqn'),
('2018338', 'X7', 'Stella', 'Stella@gmail.com', 'vusydgqlcu'),
('2018339', 'X7', 'Natalie', 'Natalie@gmail.com', 'omhkvcxbti'),
('201834', 'X1', 'Lillian', 'Lillian@gmail.com', 'tirfqzexue'),
('2018340', 'X7', 'Zoe', 'Zoe@gmail.com', 'mikjueensh'),
('2018341', 'X7', 'Leah', 'Leah@gmail.com', 'lvrpxsopjj'),
('2018342', 'X7', 'Hazel', 'Hazel@gmail.com', 'riquurtyit'),
('2018343', 'X7', 'Violet', 'Violet@gmail.com', 'bgstchosul'),
('2018344', 'X7', 'Aurora', 'Aurora@gmail.com', 'kmyxamlgij'),
('2018345', 'X7', 'Savannah', 'Savannah@gmail.com', 'anaieqathr'),
('2018346', 'X7', 'Audrey', 'Audrey@gmail.com', 'uapsgthpia'),
('2018347', 'X7', 'Brooklyn', 'Brooklyn@gmail.com', 'zkpgcebncc'),
('2018348', 'X7', 'Bella', 'Bella@gmail.com', 'mapzauyxhh'),
('2018349', 'X7', 'Claire', 'Claire@gmail.com', 'zdjbvwdhbj'),
('201835', 'X1', 'Addison', 'Addison@gmail.com', 'ngeudeulom'),
('2018350', 'X7', 'Skylar', 'Skylar@gmail.com', 'emlitupzyp'),
('2018351', 'X8', 'Emma', 'Emma@gmail.com', 'akarnbakdq'),
('2018352', 'X8', 'Olivia', 'Olivia@gmail.com', 'udzquvbixj'),
('2018353', 'X8', 'Ava', 'Ava@gmail.com', 'laahbjygzk'),
('2018354', 'X8', 'Isabella', 'Isabella@gmail.com', 'tkyxwwkdbw'),
('2018355', 'X8', 'Sophia', 'Sophia@gmail.com', 'mqzuphffvh'),
('2018356', 'X8', 'Charlotte', 'Charlotte@gmail.com', 'tgkndswrft'),
('2018357', 'X8', 'Mia', 'Mia@gmail.com', 'dsxyioaahw'),
('2018358', 'X8', 'Amelia', 'Amelia@gmail.com', 'rqeeejwscu'),
('2018359', 'X8', 'Harper', 'Harper@gmail.com', 'pkgysucila'),
('201836', 'X1', 'Aubrey', 'Aubrey@gmail.com', 'mgvjltecbg'),
('2018360', 'X8', 'Evelyn', 'Evelyn@gmail.com', 'ylvzgiplds'),
('2018361', 'X8', 'Abigail', 'Abigail@gmail.com', 'whmkyloezp'),
('2018362', 'X8', 'Emily', 'Emily@gmail.com', 'efpfabbvbt'),
('2018363', 'X8', 'Elizabeth', 'Elizabeth@gmail.com', 'zvgfwaxuud'),
('2018364', 'X8', 'Mila', 'Mila@gmail.com', 'mfdupscnyx'),
('2018365', 'X8', 'Ella', 'Ella@gmail.com', 'gqxwbcqbml'),
('2018366', 'X8', 'Avery', 'Avery@gmail.com', 'jagnsmxztr'),
('2018367', 'X8', 'Sofia', 'Sofia@gmail.com', 'gujssmnsmn'),
('2018368', 'X8', 'Camila', 'Camila@gmail.com', 'leqxjzrgqi'),
('2018369', 'X8', 'Aria', 'Aria@gmail.com', 'zfwiuoxeyg'),
('201837', 'X1', 'Ellie', 'Ellie@gmail.com', 'zvsmvokbir'),
('2018370', 'X8', 'Scarlett', 'Scarlett@gmail.com', 'ueygxmxhre'),
('2018371', 'X8', 'Victoria', 'Victoria@gmail.com', 'npzptfrsnn'),
('2018372', 'X8', 'Madison', 'Madison@gmail.com', 'ccrjfldygz'),
('2018373', 'X8', 'Luna', 'Luna@gmail.com', 'runsmwqfod'),
('2018374', 'X8', 'Grace', 'Grace@gmail.com', 'zcempppocb'),
('2018375', 'X8', 'Chloe', 'Chloe@gmail.com', 'pghpvtqqko'),
('2018376', 'X8', 'Penelope', 'Penelope@gmail.com', 'dtdeltyomh'),
('2018377', 'X8', 'Layla', 'Layla@gmail.com', 'htlbvopkmb'),
('2018378', 'X8', 'Riley', 'Riley@gmail.com', 'esutmqdcyz'),
('2018379', 'X8', 'Zoey', 'Zoey@gmail.com', 'fqqcfmedcm'),
('201838', 'X1', 'Stella', 'Stella@gmail.com', 'ehmoprfqia'),
('2018380', 'X8', 'Nora', 'Nora@gmail.com', 'iglbdlirxa'),
('2018381', 'X8', 'Lily', 'Lily@gmail.com', 'afkpilrjdy'),
('2018382', 'X8', 'Eleanor', 'Eleanor@gmail.com', 'apxhlybedo'),
('2018383', 'X8', 'Hannah', 'Hannah@gmail.com', 'dsbzhycuac'),
('2018384', 'X8', 'Lillian', 'Lillian@gmail.com', 'czobsfmvfq'),
('2018385', 'X8', 'Addison', 'Addison@gmail.com', 'ojcrhrthgs'),
('2018386', 'X8', 'Aubrey', 'Aubrey@gmail.com', 'saqnbvzmkf'),
('2018387', 'X8', 'Ellie', 'Ellie@gmail.com', 'mxmtcneveg'),
('2018388', 'X8', 'Stella', 'Stella@gmail.com', 'lflhaetdnp'),
('2018389', 'X8', 'Natalie', 'Natalie@gmail.com', 'bzlfhywbzd'),
('201839', 'X1', 'Natalie', 'Natalie@gmail.com', 'tvgszamphv'),
('2018390', 'X8', 'Zoe', 'Zoe@gmail.com', 'xlpymxejzy'),
('2018391', 'X8', 'Leah', 'Leah@gmail.com', 'gupbsdpndd'),
('2018392', 'X8', 'Hazel', 'Hazel@gmail.com', 'okpehxysvf'),
('2018393', 'X8', 'Violet', 'Violet@gmail.com', 'pksozqswrv'),
('2018394', 'X8', 'Aurora', 'Aurora@gmail.com', 'kxmvutyexp'),
('2018395', 'X8', 'Savannah', 'Savannah@gmail.com', 'jpizklzgny'),
('2018396', 'X8', 'Audrey', 'Audrey@gmail.com', 'usdmdeclho'),
('2018397', 'X8', 'Brooklyn', 'Brooklyn@gmail.com', 'kaarbjsbhh'),
('2018398', 'X8', 'Bella', 'Bella@gmail.com', 'nhmpnxjfvf'),
('2018399', 'X8', 'Claire', 'Claire@gmail.com', 'xmgoiftscf'),
('20184', 'X1', 'Isabella', 'Isabella@gmail.com', 'iskhmawmay'),
('201840', 'X1', 'Zoe', 'Zoe@gmail.com', 'suuahrdnmf'),
('2018400', 'X8', 'Skylar', 'Skylar@gmail.com', 'bwemvfyazp'),
('2018401', 'X9', 'Emma', 'Emma@gmail.com', 'fznzgzwlzu'),
('2018402', 'X9', 'Olivia', 'Olivia@gmail.com', 'mjeercklhr'),
('2018403', 'X9', 'Ava', 'Ava@gmail.com', 'rmihwtyplv'),
('2018404', 'X9', 'Isabella', 'Isabella@gmail.com', 'zyhoucimfb'),
('2018405', 'X9', 'Sophia', 'Sophia@gmail.com', 'mggnnuwiji'),
('2018406', 'X9', 'Charlotte', 'Charlotte@gmail.com', 'omnxqigwnl'),
('2018407', 'X9', 'Mia', 'Mia@gmail.com', 'qyfbzgvnyz'),
('2018408', 'X9', 'Amelia', 'Amelia@gmail.com', 'yyllkxfkgz'),
('2018409', 'X9', 'Harper', 'Harper@gmail.com', 'rbcyoxrpom'),
('201841', 'X1', 'Leah', 'Leah@gmail.com', 'sibevjpduq'),
('2018410', 'X9', 'Evelyn', 'Evelyn@gmail.com', 'kdqoiddrzm'),
('2018411', 'X9', 'Abigail', 'Abigail@gmail.com', 'eudjeaqzmw'),
('2018412', 'X9', 'Emily', 'Emily@gmail.com', 'jdjhyhicvn'),
('2018413', 'X9', 'Elizabeth', 'Elizabeth@gmail.com', 'tijgmwuibu'),
('2018414', 'X9', 'Mila', 'Mila@gmail.com', 'xgveirashs'),
('2018415', 'X9', 'Ella', 'Ella@gmail.com', 'shfldhodjw'),
('2018416', 'X9', 'Avery', 'Avery@gmail.com', 'kezvzcjbyo'),
('2018417', 'X9', 'Sofia', 'Sofia@gmail.com', 'ehoqwfekat'),
('2018418', 'X9', 'Camila', 'Camila@gmail.com', 'xvswftibws'),
('2018419', 'X9', 'Aria', 'Aria@gmail.com', 'szivjnqjes'),
('201842', 'X1', 'Hazel', 'Hazel@gmail.com', 'bnihebudfv'),
('2018420', 'X9', 'Scarlett', 'Scarlett@gmail.com', 'fseeeiureu'),
('2018421', 'X9', 'Victoria', 'Victoria@gmail.com', 'udjnaerlfy'),
('2018422', 'X9', 'Madison', 'Madison@gmail.com', 'rayobdxoet'),
('2018423', 'X9', 'Luna', 'Luna@gmail.com', 'crwntuukso'),
('2018424', 'X9', 'Grace', 'Grace@gmail.com', 'mpijhwukfh'),
('2018425', 'X9', 'Chloe', 'Chloe@gmail.com', 'maxneitjzz'),
('2018426', 'X9', 'Penelope', 'Penelope@gmail.com', 'iljljlpewa'),
('2018427', 'X9', 'Layla', 'Layla@gmail.com', 'ngecwponbt'),
('2018428', 'X9', 'Riley', 'Riley@gmail.com', 'bfmxznkyfc'),
('2018429', 'X9', 'Zoey', 'Zoey@gmail.com', 'efcoqroncw'),
('201843', 'X1', 'Violet', 'Violet@gmail.com', 'ryobkmsmhk'),
('2018430', 'X9', 'Nora', 'Nora@gmail.com', 'jtaaqdtsyu'),
('2018431', 'X9', 'Lily', 'Lily@gmail.com', 'owdokqupfg'),
('2018432', 'X9', 'Eleanor', 'Eleanor@gmail.com', 'gscghhowep'),
('2018433', 'X9', 'Hannah', 'Hannah@gmail.com', 'melpexodsh'),
('2018434', 'X9', 'Lillian', 'Lillian@gmail.com', 'gxjnlerqnn'),
('2018435', 'X9', 'Addison', 'Addison@gmail.com', 'mzvpookypb'),
('2018436', 'X9', 'Aubrey', 'Aubrey@gmail.com', 'kzyzmbpgmn'),
('2018437', 'X9', 'Ellie', 'Ellie@gmail.com', 'lxnhviuvtp'),
('2018438', 'X9', 'Stella', 'Stella@gmail.com', 'clwjxsqicq'),
('2018439', 'X9', 'Natalie', 'Natalie@gmail.com', 'kcnyguedmx'),
('201844', 'X1', 'Aurora', 'Aurora@gmail.com', 'pzlfvaawdx'),
('2018440', 'X9', 'Zoe', 'Zoe@gmail.com', 'obogozxhdt'),
('2018441', 'X9', 'Leah', 'Leah@gmail.com', 'lqwrqtrede'),
('2018442', 'X9', 'Hazel', 'Hazel@gmail.com', 'dlzmzzofel'),
('2018443', 'X9', 'Violet', 'Violet@gmail.com', 'jdvzwpuqak'),
('2018444', 'X9', 'Aurora', 'Aurora@gmail.com', 'fpvzdkpbwg'),
('2018445', 'X9', 'Savannah', 'Savannah@gmail.com', 'bssuezklmi'),
('2018446', 'X9', 'Audrey', 'Audrey@gmail.com', 'dstqfuzmzq'),
('2018447', 'X9', 'Brooklyn', 'Brooklyn@gmail.com', 'mvznfunois'),
('2018448', 'X9', 'Bella', 'Bella@gmail.com', 'uuqzykdyws'),
('2018449', 'X9', 'Claire', 'Claire@gmail.com', 'yzrciykrzg'),
('201845', 'X1', 'Savannah', 'Savannah@gmail.com', 'bnwiidotvx'),
('2018450', 'X9', 'Skylar', 'Skylar@gmail.com', 'gbyjbdgnkv'),
('2018451', 'X10', 'Emma', 'Emma@gmail.com', 'gtrttwgext'),
('2018452', 'X10', 'Olivia', 'Olivia@gmail.com', 'gcmutlsjvv'),
('2018453', 'X10', 'Ava', 'Ava@gmail.com', 'sugadggpys'),
('2018454', 'X10', 'Isabella', 'Isabella@gmail.com', 'lonnykbwlk'),
('2018455', 'X10', 'Sophia', 'Sophia@gmail.com', 'nurqlxyqwq'),
('2018456', 'X10', 'Charlotte', 'Charlotte@gmail.com', 'peqvwyaayg'),
('2018457', 'X10', 'Mia', 'Mia@gmail.com', 'xscmnownbr'),
('2018458', 'X10', 'Amelia', 'Amelia@gmail.com', 'fhtnrlcxpq'),
('2018459', 'X10', 'Harper', 'Harper@gmail.com', 'nbxrtwdczz'),
('201846', 'X1', 'Audrey', 'Audrey@gmail.com', 'fhoqxfilow'),
('2018460', 'X10', 'Evelyn', 'Evelyn@gmail.com', 'zhfbcfzgmw'),
('2018461', 'X10', 'Abigail', 'Abigail@gmail.com', 'sisvyzfjek'),
('2018462', 'X10', 'Emily', 'Emily@gmail.com', 'geogjosnlo'),
('2018463', 'X10', 'Elizabeth', 'Elizabeth@gmail.com', 'dvlusbvlvk'),
('2018464', 'X10', 'Mila', 'Mila@gmail.com', 'lamxkwpzok'),
('2018465', 'X10', 'Ella', 'Ella@gmail.com', 'tzeukvdcse'),
('2018466', 'X10', 'Avery', 'Avery@gmail.com', 'kbvywrwqvu'),
('2018467', 'X10', 'Sofia', 'Sofia@gmail.com', 'uaarsgghzj'),
('2018468', 'X10', 'Camila', 'Camila@gmail.com', 'gqlapazpoi'),
('2018469', 'X10', 'Aria', 'Aria@gmail.com', 'ntlrkbnmvs'),
('201847', 'X1', 'Brooklyn', 'Brooklyn@gmail.com', 'eljopoters'),
('2018470', 'X10', 'Scarlett', 'Scarlett@gmail.com', 'drwasttfzc'),
('2018471', 'X10', 'Victoria', 'Victoria@gmail.com', 'wfddshpnun'),
('2018472', 'X10', 'Madison', 'Madison@gmail.com', 'ytmdosjbuq'),
('2018473', 'X10', 'Luna', 'Luna@gmail.com', 'potfytbiaf'),
('2018474', 'X10', 'Grace', 'Grace@gmail.com', 'eiewzmqfor'),
('2018475', 'X10', 'Chloe', 'Chloe@gmail.com', 'ehpqsvzxse'),
('2018476', 'X10', 'Penelope', 'Penelope@gmail.com', 'fhqbkixtlq'),
('2018477', 'X10', 'Layla', 'Layla@gmail.com', 'pzblylwugr'),
('2018478', 'X10', 'Riley', 'Riley@gmail.com', 'kkiewwvpad'),
('2018479', 'X10', 'Zoey', 'Zoey@gmail.com', 'apqenszwjy'),
('201848', 'X1', 'Bella', 'Bella@gmail.com', 'iohyqgqrhr'),
('2018480', 'X10', 'Nora', 'Nora@gmail.com', 'djgsfsspbu'),
('2018481', 'X10', 'Lily', 'Lily@gmail.com', 'ephlebjxgu'),
('2018482', 'X10', 'Eleanor', 'Eleanor@gmail.com', 'szkgcqirey'),
('2018483', 'X10', 'Hannah', 'Hannah@gmail.com', 'lubimkwdso'),
('2018484', 'X10', 'Lillian', 'Lillian@gmail.com', 'pbstmikgtu'),
('2018485', 'X10', 'Addison', 'Addison@gmail.com', 'spqiigpxdb'),
('2018486', 'X10', 'Aubrey', 'Aubrey@gmail.com', 'bkpzdrszbg'),
('2018487', 'X10', 'Ellie', 'Ellie@gmail.com', 'mfxrtkasua'),
('2018488', 'X10', 'Stella', 'Stella@gmail.com', 'lquzpzebtm'),
('2018489', 'X10', 'Natalie', 'Natalie@gmail.com', 'kctatfgjkm'),
('201849', 'X1', 'Claire', 'Claire@gmail.com', 'dwgbpvnxcx'),
('2018490', 'X10', 'Zoe', 'Zoe@gmail.com', 'iuertvpoib'),
('2018491', 'X10', 'Leah', 'Leah@gmail.com', 'eimwdahejj'),
('2018492', 'X10', 'Hazel', 'Hazel@gmail.com', 'hvatilhdxn'),
('2018493', 'X10', 'Violet', 'Violet@gmail.com', 'lizmgvoqvl'),
('2018494', 'X10', 'Aurora', 'Aurora@gmail.com', 'nrblneaylk'),
('2018495', 'X10', 'Savannah', 'Savannah@gmail.com', 'garhgkevgn'),
('2018496', 'X10', 'Audrey', 'Audrey@gmail.com', 'yyaoepxarc'),
('2018497', 'X10', 'Brooklyn', 'Brooklyn@gmail.com', 'qnouxnfbji'),
('2018498', 'X10', 'Bella', 'Bella@gmail.com', 'jjdqvizcqv'),
('2018499', 'X10', 'Claire', 'Claire@gmail.com', 'djdgvedcge'),
('20185', 'X1', 'Sophia', 'Sophia@gmail.com', 'wtihdodiqy'),
('201850', 'X1', 'Skylar', 'Skylar@gmail.com', 'uyusydyeof'),
('2018500', 'X10', 'Skylar', 'Skylar@gmail.com', 'dmnsudfhjn'),
('2018501', 'X11', 'Emma', 'Emma@gmail.com', 'wefhivzmmt'),
('2018502', 'X11', 'Olivia', 'Olivia@gmail.com', 'rrtznklbqp'),
('2018503', 'X11', 'Ava', 'Ava@gmail.com', 'nxqiuknxeb'),
('2018504', 'X11', 'Isabella', 'Isabella@gmail.com', 'ovoefosboe'),
('2018505', 'X11', 'Sophia', 'Sophia@gmail.com', 'rojvaoigmv'),
('2018506', 'X11', 'Charlotte', 'Charlotte@gmail.com', 'vffgfedxdm'),
('2018507', 'X11', 'Mia', 'Mia@gmail.com', 'yhkkamjgzw'),
('2018508', 'X11', 'Amelia', 'Amelia@gmail.com', 'ijkjhegezo'),
('2018509', 'X11', 'Harper', 'Harper@gmail.com', 'qantyaxelh'),
('201851', 'X2', 'Emma', 'Emma@gmail.com', 'vpjeggokiq'),
('2018510', 'X11', 'Evelyn', 'Evelyn@gmail.com', 'humyboyeml'),
('2018511', 'X11', 'Abigail', 'Abigail@gmail.com', 'mfmerxtwye'),
('2018512', 'X11', 'Emily', 'Emily@gmail.com', 'lgdvtbaadw'),
('2018513', 'X11', 'Elizabeth', 'Elizabeth@gmail.com', 'fongvfvieu'),
('2018514', 'X11', 'Mila', 'Mila@gmail.com', 'rfzyeqcbhv'),
('2018515', 'X11', 'Ella', 'Ella@gmail.com', 'qohquegtmb'),
('2018516', 'X11', 'Avery', 'Avery@gmail.com', 'wdilqmvhqu'),
('2018517', 'X11', 'Sofia', 'Sofia@gmail.com', 'kofgyepqpk'),
('2018518', 'X11', 'Camila', 'Camila@gmail.com', 'dgjsqohexo'),
('2018519', 'X11', 'Aria', 'Aria@gmail.com', 'dnyzlwnwly'),
('201852', 'X2', 'Olivia', 'Olivia@gmail.com', 'rlsqmtuylm'),
('2018520', 'X11', 'Scarlett', 'Scarlett@gmail.com', 'gqbzfysqyg'),
('2018521', 'X11', 'Victoria', 'Victoria@gmail.com', 'ywiqnctayj'),
('2018522', 'X11', 'Madison', 'Madison@gmail.com', 'nfoxsnltri'),
('2018523', 'X11', 'Luna', 'Luna@gmail.com', 'rnoqrgdjqn'),
('2018524', 'X11', 'Grace', 'Grace@gmail.com', 'cyguufuewx'),
('2018525', 'X11', 'Chloe', 'Chloe@gmail.com', 'thrlaztzct'),
('2018526', 'X11', 'Penelope', 'Penelope@gmail.com', 'cjczgudpxt'),
('2018527', 'X11', 'Layla', 'Layla@gmail.com', 'qpbhbvfiyr'),
('2018528', 'X11', 'Riley', 'Riley@gmail.com', 'gmiwjdgqko'),
('2018529', 'X11', 'Zoey', 'Zoey@gmail.com', 'vmcqfnvuoc'),
('201853', 'X2', 'Ava', 'Ava@gmail.com', 'eobtiihodp'),
('2018530', 'X11', 'Nora', 'Nora@gmail.com', 'aowzirqbyx'),
('2018531', 'X11', 'Lily', 'Lily@gmail.com', 'kekacvelyr'),
('2018532', 'X11', 'Eleanor', 'Eleanor@gmail.com', 'nellsdvdyj'),
('2018533', 'X11', 'Hannah', 'Hannah@gmail.com', 'asvnspswba'),
('2018534', 'X11', 'Lillian', 'Lillian@gmail.com', 'rlgawerzmr'),
('2018535', 'X11', 'Addison', 'Addison@gmail.com', 'hcgpxnlnrv'),
('2018536', 'X11', 'Aubrey', 'Aubrey@gmail.com', 'lkfwsitonu'),
('2018537', 'X11', 'Ellie', 'Ellie@gmail.com', 'jrusjnejvb'),
('2018538', 'X11', 'Stella', 'Stella@gmail.com', 'hiaatcogee'),
('2018539', 'X11', 'Natalie', 'Natalie@gmail.com', 'zaxffrwcmb'),
('201854', 'X2', 'Isabella', 'Isabella@gmail.com', 'ysaafpulqg'),
('2018540', 'X11', 'Zoe', 'Zoe@gmail.com', 'xmblkkcnyx'),
('2018541', 'X11', 'Leah', 'Leah@gmail.com', 'dtsamdiyui'),
('2018542', 'X11', 'Hazel', 'Hazel@gmail.com', 'hfiyuldsot'),
('2018543', 'X11', 'Violet', 'Violet@gmail.com', 'tiiwisddxt'),
('2018544', 'X11', 'Aurora', 'Aurora@gmail.com', 'ptzsfaoivj'),
('2018545', 'X11', 'Savannah', 'Savannah@gmail.com', 'xvuwocdoga'),
('2018546', 'X11', 'Audrey', 'Audrey@gmail.com', 'qrqzdygkfd'),
('2018547', 'X11', 'Brooklyn', 'Brooklyn@gmail.com', 'dqydlfdafw'),
('2018548', 'X11', 'Bella', 'Bella@gmail.com', 'nqnbhakgyd'),
('2018549', 'X11', 'Claire', 'Claire@gmail.com', 'tjmczpbpaj'),
('201855', 'X2', 'Sophia', 'Sophia@gmail.com', 'vlsydcjaox'),
('2018550', 'X11', 'Skylar', 'Skylar@gmail.com', 'twotoyghqa'),
('2018551', 'X12', 'Emma', 'Emma@gmail.com', 'eijeemjbhf'),
('2018552', 'X12', 'Olivia', 'Olivia@gmail.com', 'bupgylnmps'),
('2018553', 'X12', 'Ava', 'Ava@gmail.com', 'lvamyvguxw'),
('2018554', 'X12', 'Isabella', 'Isabella@gmail.com', 'vmkjadxywt'),
('2018555', 'X12', 'Sophia', 'Sophia@gmail.com', 'botuyjrtfi'),
('2018556', 'X12', 'Charlotte', 'Charlotte@gmail.com', 'pyplgdselu'),
('2018557', 'X12', 'Mia', 'Mia@gmail.com', 'jvvbdauozq'),
('2018558', 'X12', 'Amelia', 'Amelia@gmail.com', 'jxnwuwimdl'),
('2018559', 'X12', 'Harper', 'Harper@gmail.com', 'mdmiyludsu'),
('201856', 'X2', 'Charlotte', 'Charlotte@gmail.com', 'soojeutnxa'),
('2018560', 'X12', 'Evelyn', 'Evelyn@gmail.com', 'rncibudcgn'),
('2018561', 'X12', 'Abigail', 'Abigail@gmail.com', 'gpawaijyfi'),
('2018562', 'X12', 'Emily', 'Emily@gmail.com', 'kzoossscjj'),
('2018563', 'X12', 'Elizabeth', 'Elizabeth@gmail.com', 'jfnvrdsmsf'),
('2018564', 'X12', 'Mila', 'Mila@gmail.com', 'ktxlgvqmqh'),
('2018565', 'X12', 'Ella', 'Ella@gmail.com', 'zgvkubiqwx'),
('2018566', 'X12', 'Avery', 'Avery@gmail.com', 'bedajqxppl'),
('2018567', 'X12', 'Sofia', 'Sofia@gmail.com', 'pvtdgxrtdj'),
('2018568', 'X12', 'Camila', 'Camila@gmail.com', 'jhepavuzpa'),
('2018569', 'X12', 'Aria', 'Aria@gmail.com', 'thdrrufnsc'),
('201857', 'X2', 'Mia', 'Mia@gmail.com', 'vdvdtxdwov'),
('2018570', 'X12', 'Scarlett', 'Scarlett@gmail.com', 'haqtxmwydq'),
('2018571', 'X12', 'Victoria', 'Victoria@gmail.com', 'pkkaqveuzi'),
('2018572', 'X12', 'Madison', 'Madison@gmail.com', 'jfkkhahaef'),
('2018573', 'X12', 'Luna', 'Luna@gmail.com', 'kzlzoyamgq'),
('2018574', 'X12', 'Grace', 'Grace@gmail.com', 'ttcwhvosvr'),
('2018575', 'X12', 'Chloe', 'Chloe@gmail.com', 'pubzeodrxa'),
('2018576', 'X12', 'Penelope', 'Penelope@gmail.com', 'dwiygavnwh'),
('2018577', 'X12', 'Layla', 'Layla@gmail.com', 'avnxicmise'),
('2018578', 'X12', 'Riley', 'Riley@gmail.com', 'uycxdxfiec'),
('2018579', 'X12', 'Zoey', 'Zoey@gmail.com', 'bvsmszjssj'),
('201858', 'X2', 'Amelia', 'Amelia@gmail.com', 'ljlimguser'),
('2018580', 'X12', 'Nora', 'Nora@gmail.com', 'okkcvomaso'),
('2018581', 'X12', 'Lily', 'Lily@gmail.com', 'utjkuuxpbc'),
('2018582', 'X12', 'Eleanor', 'Eleanor@gmail.com', 'rvbejfssjx'),
('2018583', 'X12', 'Hannah', 'Hannah@gmail.com', 'wgnevabymq'),
('2018584', 'X12', 'Lillian', 'Lillian@gmail.com', 'fpafxhfylz'),
('2018585', 'X12', 'Addison', 'Addison@gmail.com', 'dbeoaxscrm'),
('2018586', 'X12', 'Aubrey', 'Aubrey@gmail.com', 'ihcygdvvjl'),
('2018587', 'X12', 'Ellie', 'Ellie@gmail.com', 'ddjnuqpzyd'),
('2018588', 'X12', 'Stella', 'Stella@gmail.com', 'skipgigrjr'),
('2018589', 'X12', 'Natalie', 'Natalie@gmail.com', 'jpwmcrzetk'),
('201859', 'X2', 'Harper', 'Harper@gmail.com', 'plobbkufti'),
('2018590', 'X12', 'Zoe', 'Zoe@gmail.com', 'mggleeahjx'),
('2018591', 'X12', 'Leah', 'Leah@gmail.com', 'odsonhplip'),
('2018592', 'X12', 'Hazel', 'Hazel@gmail.com', 'mslzlinvhd'),
('2018593', 'X12', 'Violet', 'Violet@gmail.com', 'ofpiojgudc'),
('2018594', 'X12', 'Aurora', 'Aurora@gmail.com', 'ncrculgoir'),
('2018595', 'X12', 'Savannah', 'Savannah@gmail.com', 'cmztcnbviy'),
('2018596', 'X12', 'Audrey', 'Audrey@gmail.com', 'iklchhrqfk'),
('2018597', 'X12', 'Brooklyn', 'Brooklyn@gmail.com', 'bqbrgcolcr'),
('2018598', 'X12', 'Bella', 'Bella@gmail.com', 'vodftrmygp'),
('2018599', 'X12', 'Claire', 'Claire@gmail.com', 'wjbycaifqo'),
('20186', 'X1', 'Charlotte', 'Charlotte@gmail.com', 'sockcavhib'),
('201860', 'X2', 'Evelyn', 'Evelyn@gmail.com', 'gjaxjklpav'),
('2018600', 'X12', 'Skylar', 'Skylar@gmail.com', 'llsngkqimp'),
('2018601', 'X13', 'Emma', 'Emma@gmail.com', 'eittxluplc'),
('2018602', 'X13', 'Olivia', 'Olivia@gmail.com', 'jwkkidhkce'),
('2018603', 'X13', 'Ava', 'Ava@gmail.com', 'kfqwipptko'),
('2018604', 'X13', 'Isabella', 'Isabella@gmail.com', 'swffxuisxt'),
('2018605', 'X13', 'Sophia', 'Sophia@gmail.com', 'cmhmvnaehd'),
('2018606', 'X13', 'Charlotte', 'Charlotte@gmail.com', 'aizpyugaep'),
('2018607', 'X13', 'Mia', 'Mia@gmail.com', 'dseswbfson'),
('2018608', 'X13', 'Amelia', 'Amelia@gmail.com', 'wopkqojzjt'),
('2018609', 'X13', 'Harper', 'Harper@gmail.com', 'arjvyzuneo'),
('201861', 'X2', 'Abigail', 'Abigail@gmail.com', 'lenmsxbqxc'),
('2018610', 'X13', 'Evelyn', 'Evelyn@gmail.com', 'prryqjgxtf'),
('2018611', 'X13', 'Abigail', 'Abigail@gmail.com', 'myxdknskun'),
('2018612', 'X13', 'Emily', 'Emily@gmail.com', 'waiotbhtvm'),
('2018613', 'X13', 'Elizabeth', 'Elizabeth@gmail.com', 'ezkxgxsiai'),
('2018614', 'X13', 'Mila', 'Mila@gmail.com', 'berznkprut'),
('2018615', 'X13', 'Ella', 'Ella@gmail.com', 'yccihlzaol'),
('2018616', 'X13', 'Avery', 'Avery@gmail.com', 'wwzhumgkon'),
('2018617', 'X13', 'Sofia', 'Sofia@gmail.com', 'czqcdoqrbq'),
('2018618', 'X13', 'Camila', 'Camila@gmail.com', 'oqqvenypot'),
('2018619', 'X13', 'Aria', 'Aria@gmail.com', 'htothmdneo'),
('201862', 'X2', 'Emily', 'Emily@gmail.com', 'ijkxweuzez'),
('2018620', 'X13', 'Scarlett', 'Scarlett@gmail.com', 'siapbhrhkz'),
('2018621', 'X13', 'Victoria', 'Victoria@gmail.com', 'rcyhscxdys'),
('2018622', 'X13', 'Madison', 'Madison@gmail.com', 'xklfisuwtl'),
('2018623', 'X13', 'Luna', 'Luna@gmail.com', 'pizkbjtnzn'),
('2018624', 'X13', 'Grace', 'Grace@gmail.com', 'hsmmhdeaiv'),
('2018625', 'X13', 'Chloe', 'Chloe@gmail.com', 'mzigfipdpy'),
('2018626', 'X13', 'Penelope', 'Penelope@gmail.com', 'fvaakzfhai'),
('2018627', 'X13', 'Layla', 'Layla@gmail.com', 'oryilhuoiw'),
('2018628', 'X13', 'Riley', 'Riley@gmail.com', 'mupkbfmcmm'),
('2018629', 'X13', 'Zoey', 'Zoey@gmail.com', 'azlehvgpgy'),
('201863', 'X2', 'Elizabeth', 'Elizabeth@gmail.com', 'vgigvkodoj'),
('2018630', 'X13', 'Nora', 'Nora@gmail.com', 'uwfrkuyhqo'),
('2018631', 'X13', 'Lily', 'Lily@gmail.com', 'kcxzeofcrz'),
('2018632', 'X13', 'Eleanor', 'Eleanor@gmail.com', 'vgfsmtuasu'),
('2018633', 'X13', 'Hannah', 'Hannah@gmail.com', 'nvorauktuj'),
('2018634', 'X13', 'Lillian', 'Lillian@gmail.com', 'slvqgarzik'),
('2018635', 'X13', 'Addison', 'Addison@gmail.com', 'oxxboiijrr'),
('2018636', 'X13', 'Aubrey', 'Aubrey@gmail.com', 'lleikgsmov'),
('2018637', 'X13', 'Ellie', 'Ellie@gmail.com', 'nrqiqfcgit'),
('2018638', 'X13', 'Stella', 'Stella@gmail.com', 'jddyiowhzx'),
('2018639', 'X13', 'Natalie', 'Natalie@gmail.com', 'qtbqpdhulr'),
('201864', 'X2', 'Mila', 'Mila@gmail.com', 'oeskgittzu'),
('2018640', 'X13', 'Zoe', 'Zoe@gmail.com', 'piaoxgrtmh'),
('2018641', 'X13', 'Leah', 'Leah@gmail.com', 'allpbodsmt'),
('2018642', 'X13', 'Hazel', 'Hazel@gmail.com', 'iypwypolyz'),
('2018643', 'X13', 'Violet', 'Violet@gmail.com', 'xbxdiqevnv'),
('2018644', 'X13', 'Aurora', 'Aurora@gmail.com', 'squgkypkbn'),
('2018645', 'X13', 'Savannah', 'Savannah@gmail.com', 'fnsncarvqf'),
('2018646', 'X13', 'Audrey', 'Audrey@gmail.com', 'lsqrgarzlr'),
('2018647', 'X13', 'Brooklyn', 'Brooklyn@gmail.com', 'ltnvpxkgzv'),
('2018648', 'X13', 'Bella', 'Bella@gmail.com', 'zsupowrrvc'),
('2018649', 'X13', 'Claire', 'Claire@gmail.com', 'tumuxzcpfh'),
('201865', 'X2', 'Ella', 'Ella@gmail.com', 'sxkboucaud'),
('2018650', 'X13', 'Skylar', 'Skylar@gmail.com', 'ifpbkpewyw'),
('201866', 'X2', 'Avery', 'Avery@gmail.com', 'uartztrlmo'),
('201867', 'X2', 'Sofia', 'Sofia@gmail.com', 'hnizimbixe'),
('201868', 'X2', 'Camila', 'Camila@gmail.com', 'tdoecyvjjk'),
('201869', 'X2', 'Aria', 'Aria@gmail.com', 'dieqwqwswy'),
('20187', 'X1', 'Mia', 'Mia@gmail.com', 'wysbaflazj'),
('201870', 'X2', 'Scarlett', 'Scarlett@gmail.com', 'sqenezsrfd'),
('201871', 'X2', 'Victoria', 'Victoria@gmail.com', 'ozpfoaevix'),
('201872', 'X2', 'Madison', 'Madison@gmail.com', 'cplktuyeji'),
('201873', 'X2', 'Luna', 'Luna@gmail.com', 'gizijajzym'),
('201874', 'X2', 'Grace', 'Grace@gmail.com', 'hbqjhkimve'),
('201875', 'X2', 'Chloe', 'Chloe@gmail.com', 'xsbesfgksx'),
('201876', 'X2', 'Penelope', 'Penelope@gmail.com', 'fmaraqvwlo'),
('201877', 'X2', 'Layla', 'Layla@gmail.com', 'ewirgqhtgu'),
('201878', 'X2', 'Riley', 'Riley@gmail.com', 'sixjvxwkgz'),
('201879', 'X2', 'Zoey', 'Zoey@gmail.com', 'ktrfawwlge'),
('20188', 'X1', 'Amelia', 'Amelia@gmail.com', 'wdimqxottq'),
('201880', 'X2', 'Nora', 'Nora@gmail.com', 'xadluymmoy'),
('201881', 'X2', 'Lily', 'Lily@gmail.com', 'dxuushkuop'),
('201882', 'X2', 'Eleanor', 'Eleanor@gmail.com', 'gofrfsvxnc'),
('201883', 'X2', 'Hannah', 'Hannah@gmail.com', 'jjckdvpijh'),
('201884', 'X2', 'Lillian', 'Lillian@gmail.com', 'ytyuiymmxn'),
('201885', 'X2', 'Addison', 'Addison@gmail.com', 'ijtxrhxhdi'),
('201886', 'X2', 'Aubrey', 'Aubrey@gmail.com', 'mqrzxpfkih'),
('201887', 'X2', 'Ellie', 'Ellie@gmail.com', 'sezrwkxbps'),
('201888', 'X2', 'Stella', 'Stella@gmail.com', 'ngugviusge'),
('201889', 'X2', 'Natalie', 'Natalie@gmail.com', 'aubyaxlavy'),
('20189', 'X1', 'Harper', 'Harper@gmail.com', 'bbszmvgnfq'),
('201890', 'X2', 'Zoe', 'Zoe@gmail.com', 'srabpffvkm'),
('201891', 'X2', 'Leah', 'Leah@gmail.com', 'rfxsdjjhiq'),
('201892', 'X2', 'Hazel', 'Hazel@gmail.com', 'dgrbrnsghk'),
('201893', 'X2', 'Violet', 'Violet@gmail.com', 'nqkaqfoedv'),
('201894', 'X2', 'Aurora', 'Aurora@gmail.com', 'yyeijmbfso'),
('201895', 'X2', 'Savannah', 'Savannah@gmail.com', 'fneyfqqrub'),
('201896', 'X2', 'Audrey', 'Audrey@gmail.com', 'pkmulxazaj'),
('201897', 'X2', 'Brooklyn', 'Brooklyn@gmail.com', 'dqrduqsfwt'),
('201898', 'X2', 'Bella', 'Bella@gmail.com', 'bvkcjlgtwj'),
('201899', 'X2', 'Claire', 'Claire@gmail.com', 'ajhixqknyh');

-- --------------------------------------------------------

--
-- Table structure for table `tbl_validasi`
--

CREATE TABLE `tbl_validasi` (
  `id_validasi` int(10) UNSIGNED NOT NULL,
  `id_absen` int(10) UNSIGNED NOT NULL,
  `id_guru` varchar(10) NOT NULL,
  `waktu_validasi` datetime NOT NULL DEFAULT current_timestamp()
) ENGINE=InnoDB DEFAULT CHARSET=latin1;

--
-- Dumping data for table `tbl_validasi`
--

INSERT INTO `tbl_validasi` (`id_validasi`, `id_absen`, `id_guru`, `waktu_validasi`) VALUES
(52, 1, '1', '2020-02-17 14:47:46'),
(53, 2, '1', '2020-02-17 14:47:46'),
(54, 3, '1', '2020-02-17 14:47:46'),
(55, 4, '1', '2020-02-17 14:47:46'),
(56, 5, '1', '2020-02-17 14:47:46'),
(57, 6, '1', '2020-02-17 14:47:46'),
(58, 7, '1', '2020-02-17 14:47:46'),
(59, 8, '1', '2020-02-17 14:47:46'),
(60, 9, '1', '2020-02-17 14:47:46'),
(61, 10, '1', '2020-02-17 14:47:46'),
(62, 11, '1', '2020-02-17 14:47:46'),
(63, 12, '1', '2020-02-17 14:47:46'),
(64, 13, '1', '2020-02-17 14:47:46'),
(65, 14, '1', '2020-02-17 14:47:46'),
(66, 15, '1', '2020-02-17 14:47:46'),
(67, 16, '1', '2020-02-17 14:47:46'),
(68, 17, '1', '2020-02-17 14:47:46'),
(69, 18, '1', '2020-02-17 14:47:46'),
(70, 19, '1', '2020-02-17 14:47:46'),
(71, 20, '1', '2020-02-17 14:47:46'),
(72, 21, '1', '2020-02-17 14:47:46'),
(73, 22, '1', '2020-02-17 14:47:46'),
(74, 23, '1', '2020-02-17 14:47:46'),
(75, 24, '1', '2020-02-17 14:47:46'),
(76, 25, '1', '2020-02-17 14:47:46'),
(77, 26, '1', '2020-02-17 14:47:46'),
(78, 27, '1', '2020-02-17 14:47:46'),
(79, 28, '1', '2020-02-17 14:47:46'),
(80, 29, '1', '2020-02-17 14:47:46'),
(81, 30, '1', '2020-02-17 14:47:46'),
(82, 31, '1', '2020-02-17 14:47:46'),
(83, 32, '1', '2020-02-17 14:47:46'),
(84, 33, '1', '2020-02-17 14:47:46'),
(85, 34, '1', '2020-02-17 14:47:46'),
(86, 35, '1', '2020-02-17 14:47:46'),
(87, 36, '1', '2020-02-17 14:47:46'),
(88, 37, '1', '2020-02-17 14:47:46'),
(89, 38, '1', '2020-02-17 14:47:46'),
(90, 39, '1', '2020-02-17 14:47:46'),
(91, 40, '1', '2020-02-17 14:47:46'),
(92, 51, '2', '2020-02-17 14:47:46'),
(93, 52, '2', '2020-02-17 14:47:46'),
(94, 53, '2', '2020-02-17 14:47:46'),
(95, 54, '2', '2020-02-17 14:47:46'),
(96, 55, '2', '2020-02-17 14:47:46'),
(97, 56, '2', '2020-02-17 14:47:46'),
(98, 57, '2', '2020-02-17 14:47:46'),
(99, 58, '2', '2020-02-17 14:47:46'),
(100, 59, '2', '2020-02-17 14:47:46'),
(101, 60, '2', '2020-02-17 14:47:46'),
(102, 61, '2', '2020-02-17 14:47:46'),
(103, 62, '2', '2020-02-17 14:47:46'),
(104, 63, '2', '2020-02-17 14:47:46'),
(105, 64, '2', '2020-02-17 14:47:46'),
(106, 65, '2', '2020-02-17 14:47:46'),
(107, 66, '2', '2020-02-17 14:47:46'),
(108, 67, '2', '2020-02-17 14:47:46'),
(109, 68, '2', '2020-02-17 14:47:46'),
(110, 69, '2', '2020-02-17 14:47:46'),
(111, 70, '2', '2020-02-17 14:47:46'),
(112, 71, '2', '2020-02-17 14:47:46'),
(113, 72, '2', '2020-02-17 14:47:46'),
(114, 73, '2', '2020-02-17 14:47:46'),
(115, 74, '2', '2020-02-17 14:47:46'),
(116, 75, '2', '2020-02-17 14:47:46'),
(117, 76, '2', '2020-02-17 14:47:46'),
(118, 77, '2', '2020-02-17 14:47:46'),
(119, 78, '2', '2020-02-17 14:47:46'),
(120, 79, '2', '2020-02-17 14:47:46'),
(121, 80, '2', '2020-02-17 14:47:46'),
(122, 81, '2', '2020-02-17 14:47:46'),
(123, 82, '2', '2020-02-17 14:47:46'),
(124, 83, '2', '2020-02-17 14:47:46'),
(125, 84, '2', '2020-02-17 14:47:46'),
(126, 85, '2', '2020-02-17 14:47:46'),
(127, 86, '2', '2020-02-17 14:47:46'),
(128, 87, '2', '2020-02-17 14:47:46'),
(129, 88, '2', '2020-02-17 14:47:46'),
(130, 89, '2', '2020-02-17 14:47:46'),
(131, 90, '2', '2020-02-17 14:47:46'),
(132, 101, '3', '2020-02-17 14:47:46'),
(133, 102, '3', '2020-02-17 14:47:46'),
(134, 103, '3', '2020-02-17 14:47:46'),
(135, 104, '3', '2020-02-17 14:47:46'),
(136, 105, '3', '2020-02-17 14:47:46'),
(137, 106, '3', '2020-02-17 14:47:46'),
(138, 107, '3', '2020-02-17 14:47:46'),
(139, 108, '3', '2020-02-17 14:47:46'),
(140, 109, '3', '2020-02-17 14:47:46'),
(141, 110, '3', '2020-02-17 14:47:46'),
(142, 111, '3', '2020-02-17 14:47:46'),
(143, 112, '3', '2020-02-17 14:47:46'),
(144, 113, '3', '2020-02-17 14:47:46'),
(145, 114, '3', '2020-02-17 14:47:46'),
(146, 115, '3', '2020-02-17 14:47:46'),
(147, 116, '3', '2020-02-17 14:47:46'),
(148, 117, '3', '2020-02-17 14:47:46'),
(149, 118, '3', '2020-02-17 14:47:46'),
(150, 119, '3', '2020-02-17 14:47:46'),
(151, 120, '3', '2020-02-17 14:47:46'),
(152, 121, '3', '2020-02-17 14:47:46'),
(153, 122, '3', '2020-02-17 14:47:46'),
(154, 123, '3', '2020-02-17 14:47:46'),
(155, 124, '3', '2020-02-17 14:47:46'),
(156, 125, '3', '2020-02-17 14:47:46'),
(157, 126, '3', '2020-02-17 14:47:46'),
(158, 127, '3', '2020-02-17 14:47:46'),
(159, 128, '3', '2020-02-17 14:47:46'),
(160, 129, '3', '2020-02-17 14:47:46'),
(161, 130, '3', '2020-02-17 14:47:46'),
(162, 131, '3', '2020-02-17 14:47:46'),
(163, 132, '3', '2020-02-17 14:47:46'),
(164, 133, '3', '2020-02-17 14:47:46'),
(165, 134, '3', '2020-02-17 14:47:46'),
(166, 135, '3', '2020-02-17 14:47:46'),
(167, 136, '3', '2020-02-17 14:47:46'),
(168, 137, '3', '2020-02-17 14:47:46'),
(169, 138, '3', '2020-02-17 14:47:46'),
(170, 139, '3', '2020-02-17 14:47:46'),
(171, 140, '3', '2020-02-17 14:47:46'),
(172, 151, '4', '2020-02-17 14:47:46'),
(173, 152, '4', '2020-02-17 14:47:46'),
(174, 153, '4', '2020-02-17 14:47:46'),
(175, 154, '4', '2020-02-17 14:47:46'),
(176, 155, '4', '2020-02-17 14:47:46'),
(177, 156, '4', '2020-02-17 14:47:47'),
(178, 157, '4', '2020-02-17 14:47:47'),
(179, 158, '4', '2020-02-17 14:47:47'),
(180, 159, '4', '2020-02-17 14:47:47'),
(181, 160, '4', '2020-02-17 14:47:47'),
(182, 161, '4', '2020-02-17 14:47:47'),
(183, 162, '4', '2020-02-17 14:47:47'),
(184, 163, '4', '2020-02-17 14:47:47'),
(185, 164, '4', '2020-02-17 14:47:47'),
(186, 165, '4', '2020-02-17 14:47:47'),
(187, 166, '4', '2020-02-17 14:47:47'),
(188, 167, '4', '2020-02-17 14:47:47'),
(189, 168, '4', '2020-02-17 14:47:47'),
(190, 169, '4', '2020-02-17 14:47:47'),
(191, 170, '4', '2020-02-17 14:47:47'),
(192, 171, '4', '2020-02-17 14:47:47'),
(193, 172, '4', '2020-02-17 14:47:47'),
(194, 173, '4', '2020-02-17 14:47:47'),
(195, 174, '4', '2020-02-17 14:47:47'),
(196, 175, '4', '2020-02-17 14:47:47'),
(197, 176, '4', '2020-02-17 14:47:47'),
(198, 177, '4', '2020-02-17 14:47:47'),
(199, 178, '4', '2020-02-17 14:47:47'),
(200, 179, '4', '2020-02-17 14:47:47'),
(201, 180, '4', '2020-02-17 14:47:47'),
(202, 181, '4', '2020-02-17 14:47:47'),
(203, 182, '4', '2020-02-17 14:47:47'),
(204, 183, '4', '2020-02-17 14:47:47'),
(205, 184, '4', '2020-02-17 14:47:47'),
(206, 185, '4', '2020-02-17 14:47:47'),
(207, 186, '4', '2020-02-17 14:47:47'),
(208, 187, '4', '2020-02-17 14:47:47'),
(209, 188, '4', '2020-02-17 14:47:47'),
(210, 189, '4', '2020-02-17 14:47:47'),
(211, 190, '4', '2020-02-17 14:47:47'),
(212, 201, '5', '2020-02-17 14:47:47'),
(213, 202, '5', '2020-02-17 14:47:47'),
(214, 203, '5', '2020-02-17 14:47:47'),
(215, 204, '5', '2020-02-17 14:47:47'),
(216, 205, '5', '2020-02-17 14:47:47'),
(217, 206, '5', '2020-02-17 14:47:47'),
(218, 207, '5', '2020-02-17 14:47:47'),
(219, 208, '5', '2020-02-17 14:47:47'),
(220, 209, '5', '2020-02-17 14:47:47'),
(221, 210, '5', '2020-02-17 14:47:47'),
(222, 211, '5', '2020-02-17 14:47:47'),
(223, 212, '5', '2020-02-17 14:47:47'),
(224, 213, '5', '2020-02-17 14:47:47'),
(225, 214, '5', '2020-02-17 14:47:47'),
(226, 215, '5', '2020-02-17 14:47:47'),
(227, 216, '5', '2020-02-17 14:47:47'),
(228, 217, '5', '2020-02-17 14:47:47'),
(229, 218, '5', '2020-02-17 14:47:47'),
(230, 219, '5', '2020-02-17 14:47:47'),
(231, 220, '5', '2020-02-17 14:47:47'),
(232, 221, '5', '2020-02-17 14:47:47'),
(233, 222, '5', '2020-02-17 14:47:47'),
(234, 223, '5', '2020-02-17 14:47:47'),
(235, 224, '5', '2020-02-17 14:47:47'),
(236, 225, '5', '2020-02-17 14:47:47'),
(237, 226, '5', '2020-02-17 14:47:47'),
(238, 227, '5', '2020-02-17 14:47:47'),
(239, 228, '5', '2020-02-17 14:47:47'),
(240, 229, '5', '2020-02-17 14:47:47'),
(241, 230, '5', '2020-02-17 14:47:47'),
(242, 231, '5', '2020-02-17 14:47:47'),
(243, 232, '5', '2020-02-17 14:47:47'),
(244, 233, '5', '2020-02-17 14:47:47'),
(245, 234, '5', '2020-02-17 14:47:47'),
(246, 235, '5', '2020-02-17 14:47:47'),
(247, 236, '5', '2020-02-17 14:47:47'),
(248, 237, '5', '2020-02-17 14:47:47'),
(249, 238, '5', '2020-02-17 14:47:47'),
(250, 239, '5', '2020-02-17 14:47:47'),
(251, 240, '5', '2020-02-17 14:47:47'),
(252, 251, '6', '2020-02-17 14:47:47'),
(253, 252, '6', '2020-02-17 14:47:47'),
(254, 253, '6', '2020-02-17 14:47:47'),
(255, 254, '6', '2020-02-17 14:47:47'),
(256, 255, '6', '2020-02-17 14:47:47'),
(257, 256, '6', '2020-02-17 14:47:47'),
(258, 257, '6', '2020-02-17 14:47:47'),
(259, 258, '6', '2020-02-17 14:47:47'),
(260, 259, '6', '2020-02-17 14:47:47'),
(261, 260, '6', '2020-02-17 14:47:47'),
(262, 261, '6', '2020-02-17 14:47:47'),
(263, 262, '6', '2020-02-17 14:47:47'),
(264, 263, '6', '2020-02-17 14:47:47'),
(265, 264, '6', '2020-02-17 14:47:47'),
(266, 265, '6', '2020-02-17 14:47:47'),
(267, 266, '6', '2020-02-17 14:47:47'),
(268, 267, '6', '2020-02-17 14:47:47'),
(269, 268, '6', '2020-02-17 14:47:47'),
(270, 269, '6', '2020-02-17 14:47:47'),
(271, 270, '6', '2020-02-17 14:47:47'),
(272, 271, '6', '2020-02-17 14:47:47'),
(273, 272, '6', '2020-02-17 14:47:47'),
(274, 273, '6', '2020-02-17 14:47:47'),
(275, 274, '6', '2020-02-17 14:47:47'),
(276, 275, '6', '2020-02-17 14:47:47'),
(277, 276, '6', '2020-02-17 14:47:47'),
(278, 277, '6', '2020-02-17 14:47:47'),
(279, 278, '6', '2020-02-17 14:47:47'),
(280, 279, '6', '2020-02-17 14:47:47'),
(281, 280, '6', '2020-02-17 14:47:47'),
(282, 281, '6', '2020-02-17 14:47:47'),
(283, 282, '6', '2020-02-17 14:47:47'),
(284, 283, '6', '2020-02-17 14:47:47'),
(285, 284, '6', '2020-02-17 14:47:47'),
(286, 285, '6', '2020-02-17 14:47:47'),
(287, 286, '6', '2020-02-17 14:47:47'),
(288, 287, '6', '2020-02-17 14:47:47'),
(289, 288, '6', '2020-02-17 14:47:47'),
(290, 289, '6', '2020-02-17 14:47:47'),
(291, 290, '6', '2020-02-17 14:47:47'),
(292, 301, '7', '2020-02-17 14:47:47'),
(293, 302, '7', '2020-02-17 14:47:47'),
(294, 303, '7', '2020-02-17 14:47:47'),
(295, 304, '7', '2020-02-17 14:47:47'),
(296, 305, '7', '2020-02-17 14:47:47'),
(297, 306, '7', '2020-02-17 14:47:47'),
(298, 307, '7', '2020-02-17 14:47:47'),
(299, 308, '7', '2020-02-17 14:47:47'),
(300, 309, '7', '2020-02-17 14:47:47'),
(301, 310, '7', '2020-02-17 14:47:47'),
(302, 311, '7', '2020-02-17 14:47:47'),
(303, 312, '7', '2020-02-17 14:47:47'),
(304, 313, '7', '2020-02-17 14:47:47'),
(305, 314, '7', '2020-02-17 14:47:47'),
(306, 315, '7', '2020-02-17 14:47:47'),
(307, 316, '7', '2020-02-17 14:47:47'),
(308, 317, '7', '2020-02-17 14:47:47'),
(309, 318, '7', '2020-02-17 14:47:47'),
(310, 319, '7', '2020-02-17 14:47:47'),
(311, 320, '7', '2020-02-17 14:47:47'),
(312, 321, '7', '2020-02-17 14:47:47'),
(313, 322, '7', '2020-02-17 14:47:47'),
(314, 323, '7', '2020-02-17 14:47:47'),
(315, 324, '7', '2020-02-17 14:47:47'),
(316, 325, '7', '2020-02-17 14:47:47'),
(317, 326, '7', '2020-02-17 14:47:47'),
(318, 327, '7', '2020-02-17 14:47:47'),
(319, 328, '7', '2020-02-17 14:47:47'),
(320, 329, '7', '2020-02-17 14:47:47'),
(321, 330, '7', '2020-02-17 14:47:47'),
(322, 331, '7', '2020-02-17 14:47:47'),
(323, 332, '7', '2020-02-17 14:47:47'),
(324, 333, '7', '2020-02-17 14:47:47'),
(325, 334, '7', '2020-02-17 14:47:47'),
(326, 335, '7', '2020-02-17 14:47:47'),
(327, 336, '7', '2020-02-17 14:47:47'),
(328, 337, '7', '2020-02-17 14:47:47'),
(329, 338, '7', '2020-02-17 14:47:47'),
(330, 339, '7', '2020-02-17 14:47:47'),
(331, 340, '7', '2020-02-17 14:47:47'),
(332, 351, '8', '2020-02-17 14:47:47'),
(333, 352, '8', '2020-02-17 14:47:47'),
(334, 353, '8', '2020-02-17 14:47:47'),
(335, 354, '8', '2020-02-17 14:47:47'),
(336, 355, '8', '2020-02-17 14:47:47'),
(337, 356, '8', '2020-02-17 14:47:47'),
(338, 357, '8', '2020-02-17 14:47:47'),
(339, 358, '8', '2020-02-17 14:47:47'),
(340, 359, '8', '2020-02-17 14:47:47'),
(341, 360, '8', '2020-02-17 14:47:47'),
(342, 361, '8', '2020-02-17 14:47:47'),
(343, 362, '8', '2020-02-17 14:47:47'),
(344, 363, '8', '2020-02-17 14:47:47'),
(345, 364, '8', '2020-02-17 14:47:47'),
(346, 365, '8', '2020-02-17 14:47:47'),
(347, 366, '8', '2020-02-17 14:47:47'),
(348, 367, '8', '2020-02-17 14:47:47'),
(349, 368, '8', '2020-02-17 14:47:47'),
(350, 369, '8', '2020-02-17 14:47:47'),
(351, 370, '8', '2020-02-17 14:47:47'),
(352, 371, '8', '2020-02-17 14:47:47'),
(353, 372, '8', '2020-02-17 14:47:47'),
(354, 373, '8', '2020-02-17 14:47:47'),
(355, 374, '8', '2020-02-17 14:47:47'),
(356, 375, '8', '2020-02-17 14:47:47'),
(357, 376, '8', '2020-02-17 14:47:47'),
(358, 377, '8', '2020-02-17 14:47:47'),
(359, 378, '8', '2020-02-17 14:47:47'),
(360, 379, '8', '2020-02-17 14:47:47'),
(361, 380, '8', '2020-02-17 14:47:47'),
(362, 381, '8', '2020-02-17 14:47:47'),
(363, 382, '8', '2020-02-17 14:47:47'),
(364, 383, '8', '2020-02-17 14:47:47'),
(365, 384, '8', '2020-02-17 14:47:47'),
(366, 385, '8', '2020-02-17 14:47:47'),
(367, 386, '8', '2020-02-17 14:47:47'),
(368, 387, '8', '2020-02-17 14:47:47'),
(369, 388, '8', '2020-02-17 14:47:47'),
(370, 389, '8', '2020-02-17 14:47:47'),
(371, 390, '8', '2020-02-17 14:47:47'),
(372, 401, '9', '2020-02-17 14:47:47'),
(373, 402, '9', '2020-02-17 14:47:47'),
(374, 403, '9', '2020-02-17 14:47:47'),
(375, 404, '9', '2020-02-17 14:47:47'),
(376, 405, '9', '2020-02-17 14:47:47'),
(377, 406, '9', '2020-02-17 14:47:47'),
(378, 407, '9', '2020-02-17 14:47:47'),
(379, 408, '9', '2020-02-17 14:47:47'),
(380, 409, '9', '2020-02-17 14:47:47'),
(381, 410, '9', '2020-02-17 14:47:47'),
(382, 411, '9', '2020-02-17 14:47:47'),
(383, 412, '9', '2020-02-17 14:47:47'),
(384, 413, '9', '2020-02-17 14:47:47'),
(385, 414, '9', '2020-02-17 14:47:47'),
(386, 415, '9', '2020-02-17 14:47:47'),
(387, 416, '9', '2020-02-17 14:47:47'),
(388, 417, '9', '2020-02-17 14:47:47'),
(389, 418, '9', '2020-02-17 14:47:47'),
(390, 419, '9', '2020-02-17 14:47:47'),
(391, 420, '9', '2020-02-17 14:47:47'),
(392, 421, '9', '2020-02-17 14:47:47'),
(393, 422, '9', '2020-02-17 14:47:47'),
(394, 423, '9', '2020-02-17 14:47:47'),
(395, 424, '9', '2020-02-17 14:47:47'),
(396, 425, '9', '2020-02-17 14:47:47'),
(397, 426, '9', '2020-02-17 14:47:47'),
(398, 427, '9', '2020-02-17 14:47:47'),
(399, 428, '9', '2020-02-17 14:47:47'),
(400, 429, '9', '2020-02-17 14:47:47'),
(401, 430, '9', '2020-02-17 14:47:47'),
(402, 431, '9', '2020-02-17 14:47:47'),
(403, 432, '9', '2020-02-17 14:47:47'),
(404, 433, '9', '2020-02-17 14:47:47'),
(405, 434, '9', '2020-02-17 14:47:47'),
(406, 435, '9', '2020-02-17 14:47:47'),
(407, 436, '9', '2020-02-17 14:47:47'),
(408, 437, '9', '2020-02-17 14:47:47'),
(409, 438, '9', '2020-02-17 14:47:47'),
(410, 439, '9', '2020-02-17 14:47:47'),
(411, 440, '9', '2020-02-17 14:47:47'),
(412, 451, '10', '2020-02-17 14:47:47'),
(413, 452, '10', '2020-02-17 14:47:47'),
(414, 453, '10', '2020-02-17 14:47:47'),
(415, 454, '10', '2020-02-17 14:47:47'),
(416, 455, '10', '2020-02-17 14:47:47'),
(417, 456, '10', '2020-02-17 14:47:47'),
(418, 457, '10', '2020-02-17 14:47:47'),
(419, 458, '10', '2020-02-17 14:47:47'),
(420, 459, '10', '2020-02-17 14:47:47'),
(421, 460, '10', '2020-02-17 14:47:47'),
(422, 461, '10', '2020-02-17 14:47:47'),
(423, 462, '10', '2020-02-17 14:47:47'),
(424, 463, '10', '2020-02-17 14:47:47'),
(425, 464, '10', '2020-02-17 14:47:47'),
(426, 465, '10', '2020-02-17 14:47:47'),
(427, 466, '10', '2020-02-17 14:47:47'),
(428, 467, '10', '2020-02-17 14:47:47'),
(429, 468, '10', '2020-02-17 14:47:47'),
(430, 469, '10', '2020-02-17 14:47:47'),
(431, 470, '10', '2020-02-17 14:47:47'),
(432, 471, '10', '2020-02-17 14:47:47'),
(433, 472, '10', '2020-02-17 14:47:47'),
(434, 473, '10', '2020-02-17 14:47:47'),
(435, 474, '10', '2020-02-17 14:47:47'),
(436, 475, '10', '2020-02-17 14:47:47'),
(437, 476, '10', '2020-02-17 14:47:47'),
(438, 477, '10', '2020-02-17 14:47:47'),
(439, 478, '10', '2020-02-17 14:47:47'),
(440, 479, '10', '2020-02-17 14:47:47'),
(441, 480, '10', '2020-02-17 14:47:47'),
(442, 481, '10', '2020-02-17 14:47:47'),
(443, 482, '10', '2020-02-17 14:47:47'),
(444, 483, '10', '2020-02-17 14:47:47'),
(445, 484, '10', '2020-02-17 14:47:47'),
(446, 485, '10', '2020-02-17 14:47:47'),
(447, 486, '10', '2020-02-17 14:47:47'),
(448, 487, '10', '2020-02-17 14:47:47'),
(449, 488, '10', '2020-02-17 14:47:47'),
(450, 489, '10', '2020-02-17 14:47:47'),
(451, 490, '10', '2020-02-17 14:47:47');

--
-- Indexes for dumped tables
--

--
-- Indexes for table `tbl_absen`
--
ALTER TABLE `tbl_absen`
  ADD PRIMARY KEY (`id_absen`),
  ADD KEY `id_acara` (`id_acara`),
  ADD KEY `id_siswa` (`id_siswa`);

--
-- Indexes for table `tbl_acara`
--
ALTER TABLE `tbl_acara`
  ADD PRIMARY KEY (`id_acara`),
  ADD KEY `id_kategori` (`id_kategori`);

--
-- Indexes for table `tbl_guru`
--
ALTER TABLE `tbl_guru`
  ADD PRIMARY KEY (`id_guru`);

--
-- Indexes for table `tbl_kategori`
--
ALTER TABLE `tbl_kategori`
  ADD PRIMARY KEY (`id_kategori`);

--
-- Indexes for table `tbl_kelas`
--
ALTER TABLE `tbl_kelas`
  ADD PRIMARY KEY (`id_kelas`);

--
-- Indexes for table `tbl_siswa`
--
ALTER TABLE `tbl_siswa`
  ADD PRIMARY KEY (`id_siswa`),
  ADD KEY `id_kelas` (`id_kelas`);

--
-- Indexes for table `tbl_validasi`
--
ALTER TABLE `tbl_validasi`
  ADD PRIMARY KEY (`id_validasi`),
  ADD KEY `id_absen` (`id_absen`),
  ADD KEY `id_guru` (`id_guru`);

--
-- AUTO_INCREMENT for dumped tables
--

--
-- AUTO_INCREMENT for table `tbl_absen`
--
ALTER TABLE `tbl_absen`
  MODIFY `id_absen` int(10) UNSIGNED NOT NULL AUTO_INCREMENT, AUTO_INCREMENT=551;

--
-- AUTO_INCREMENT for table `tbl_validasi`
--
ALTER TABLE `tbl_validasi`
  MODIFY `id_validasi` int(10) UNSIGNED NOT NULL AUTO_INCREMENT, AUTO_INCREMENT=452;

--
-- Constraints for dumped tables
--

--
-- Constraints for table `tbl_absen`
--
ALTER TABLE `tbl_absen`
  ADD CONSTRAINT `tbl_absen_ibfk_1` FOREIGN KEY (`id_siswa`) REFERENCES `tbl_siswa` (`id_siswa`) ON DELETE CASCADE ON UPDATE CASCADE,
  ADD CONSTRAINT `tbl_absen_ibfk_2` FOREIGN KEY (`id_acara`) REFERENCES `tbl_acara` (`id_acara`) ON DELETE CASCADE ON UPDATE CASCADE;

--
-- Constraints for table `tbl_acara`
--
ALTER TABLE `tbl_acara`
  ADD CONSTRAINT `tbl_acara_ibfk_1` FOREIGN KEY (`id_kategori`) REFERENCES `tbl_kategori` (`id_kategori`) ON UPDATE CASCADE;

--
-- Constraints for table `tbl_siswa`
--
ALTER TABLE `tbl_siswa`
  ADD CONSTRAINT `tbl_siswa_ibfk_1` FOREIGN KEY (`id_kelas`) REFERENCES `tbl_kelas` (`id_kelas`) ON UPDATE CASCADE;

--
-- Constraints for table `tbl_validasi`
--
ALTER TABLE `tbl_validasi`
  ADD CONSTRAINT `tbl_validasi_ibfk_1` FOREIGN KEY (`id_guru`) REFERENCES `tbl_guru` (`id_guru`) ON DELETE CASCADE ON UPDATE CASCADE,
  ADD CONSTRAINT `tbl_validasi_ibfk_2` FOREIGN KEY (`id_absen`) REFERENCES `tbl_absen` (`id_absen`) ON DELETE CASCADE ON UPDATE CASCADE;
COMMIT;

/*!40101 SET CHARACTER_SET_CLIENT=@OLD_CHARACTER_SET_CLIENT */;
/*!40101 SET CHARACTER_SET_RESULTS=@OLD_CHARACTER_SET_RESULTS */;
/*!40101 SET COLLATION_CONNECTION=@OLD_COLLATION_CONNECTION */;
